,GAME_INFO,LOCATION,TEAM1_NAME,TEAM1_SCORE,TEAM2_NAME,TEAM2_SCORE
0,2016-04-09 19:00:00,, Minnesota Wind Chill,11, Madison Radicals,25
1,2016-04-09 18:00:00,, Pittsburgh Thunderbirds,25, Detroit Mechanix,16
2,2016-04-09 16:00:00,, Ottawa Outlaws,19, New York Empire,24
3,2016-04-08 22:30:00,, Seattle Cascades,25, San Jose Spiders,26
4,2016-04-08 20:00:00,, Indianapolis AlleyCats,22, Cincinnati Revolution,17
5,2016-04-03 17:30:00,, San Francisco FlameThrowers,19, LA Aviators,16
6,2016-04-02 20:00:00,, Austin Sol,18, Dallas Legion,30
7,2016-04-02 19:30:00,, Detroit Mechanix,15, Cincinnati Revolution,12
8,2016-04-02 19:00:00,, Charlotte Express,18, Raleigh Flyers,23
9,2016-04-02 19:00:00,, Nashville Nightwatch,16, Atlanta Hustle,26
0,2015-05-10 16:00:00,, San Diego Growlers,29, Vancouver Riptide,27
1,2015-05-09 22:30:00,, San Diego Growlers,21, Seattle Cascades,19
2,2015-05-09 21:00:00,, San Jose Spiders,20, San Francisco FlameThrowers,18
3,2015-05-09 20:30:00,, Indianapolis AlleyCats,22, Chicago Union,24
4,2015-05-09 19:00:00,, Minnesota Wind Chill,22, Pittsburgh Thunderbirds,28
5,2015-05-09 19:00:00,, New York Empire,25, Toronto Rush,28
6,2015-05-09 18:30:00,, DC Breeze,30, Philadelphia Phoenix,29
7,2015-05-09 18:00:00,, Raleigh Flyers,28, Atlanta Hustle,29
8,2015-05-09 18:00:00,, Charlotte Express,17, Jacksonville Cannons,26
9,2015-05-08 20:00:00,, Indianapolis AlleyCats,27, Cincinnati Revolution,23
0,2014-05-10 20:00:00,, San Francisco FlameThrowers,19, Salt Lake Lions,16
1,2014-05-10 20:00:00,, Philadelphia Phoenix,10, New York Empire,20
2,2014-05-10 20:00:00,, Toronto Rush,30, Rochester Dragons,18
3,2014-05-10 20:00:00,, Cincinnati Revolution,20, Detroit Mechanix,15
4,2014-05-10 20:00:00,, San Jose Spiders,39, Vancouver Riptide,32
5,2014-05-10 20:00:00,, Minnesota Wind Chill,24, Indianapolis AlleyCats,25
6,2014-05-09 20:00:00,, Minnesota Wind Chill,15, Madison Radicals,22
7,2014-05-09 20:00:00,, Indianapolis AlleyCats,19, Chicago Union,20
8,2014-05-04 20:00:00,, Philadelphia Phoenix,19, DC Breeze,28
9,2014-05-04 20:00:00,, Indianapolis AlleyCats,22, Minnesota Wind Chill,21
0,2016-04-02 21:15:00,, San Francisco FlameThrowers,25, San Diego Growlers,23
1,2016-04-02 21:00:00,, Vancouver Riptide,21, Seattle Cascades,25
2,2015-08-09 20:00:00,, Madison Radicals,15, San Jose Spiders,17
3,2015-08-08 20:00:00,, Raleigh Flyers,19, Madison Radicals,22
4,2015-08-08 20:00:00,, Toronto Rush,20, San Jose Spiders,25
5,2015-07-26 20:00:00,, Seattle Cascades,19, San Jose Spiders,21
6,2015-07-25 20:00:00,, New York Empire,19, Toronto Rush,25
7,2015-07-25 20:00:00,, Pittsburgh Thunderbirds,21, Madison Radicals,24
8,2015-07-25 20:00:00,, Chicago Union,23, Pittsburgh Thunderbirds,24
9,2015-07-25 19:00:00,, Jacksonville Cannons,27, Raleigh Flyers,28
0,2015-05-03 16:30:00,, Montreal Royal,21, DC Breeze,20
1,2015-05-03 16:30:00,, San Jose Spiders,20, LA Aviators,19
2,2015-05-03 15:00:00,, Nashville Nightwatch,20, Atlanta Hustle,30
3,2015-05-03 15:00:00,, Pittsburgh Thunderbirds,30, Minnesota Wind Chill,17
4,2015-05-03 12:00:00,, Ottawa Outlaws,17, New York Empire,24
5,2015-05-02 22:00:00,, San Jose Spiders,23, San Diego Growlers,21
6,2015-05-02 19:30:00,, Chicago Union,27, Cincinnati Revolution,18
7,2015-05-02 19:00:00,, Indianapolis AlleyCats,30, Detroit Mechanix,16
8,2015-05-02 19:00:00,, Charlotte Express,22, Raleigh Flyers,34
9,2015-05-02 18:30:00,, Montreal Royal,23, Philadelphia Phoenix,18
0,2014-05-04 20:00:00,, Seattle Cascades,16, San Francisco FlameThrowers,29
1,2014-05-03 20:00:00,, DC Breeze,30, Philadelphia Phoenix,22
2,2014-05-03 20:00:00,, New York Empire,17, Montreal Royal,16
3,2014-05-03 20:00:00,, Detroit Mechanix,9, Chicago Union,18
4,2014-05-03 20:00:00,, Indianapolis AlleyCats,18, Madison Radicals,27
5,2014-05-03 20:00:00,, Seattle Cascades,20, San Jose Spiders,25
6,2014-05-03 20:00:00,, Rochester Dragons,11, Toronto Rush,26
7,2014-05-02 20:00:00,, Detroit Mechanix,13, Cincinnati Revolution,25
8,2014-04-27 20:00:00,, Rochester Dragons,22, DC Breeze,30
9,2014-04-27 20:00:00,, San Francisco FlameThrowers,29, Vancouver Riptide,20
0,2018-05-19 21:30:00,Balboa Stadium, LA Aviators,25, San Diego Growlers,20
1,2018-05-19 20:00:00,House Park, Atlanta Hustle,19, Austin Sol,28
2,2018-05-19 20:00:00,Vanderbilt Natchez Field, Tampa Bay Cannons,30, Nashville Nightwatch,32
3,2018-05-19 19:00:00,Joseph F. Fosina Field, Philadelphia Phoenix,15, New York Empire,23
4,2018-05-19 19:00:00,Benedetti-Wehrli Stadium, Madison Radicals,24, Chicago Union,16
5,2018-05-19 18:30:00,Monarch Park Stadium, DC Breeze,20, Toronto Rush,33
6,2018-05-19 18:00:00,Art Rooney Field, Minnesota Wind Chill,33, Pittsburgh Thunderbirds,21
7,2018-05-18 22:00:00,Laney College Football Field, Seattle Cascades,29, San Francisco FlameThrowers,32
8,2018-05-13 17:00:00,Grand Park, Pittsburgh Thunderbirds,24, Indianapolis AlleyCats,27
9,2018-05-13 16:30:00,Seattle Memorial Stadium, LA Aviators,30, Seattle Cascades,26
0,2015-07-25 21:00:00,, Seattle Cascades,21, San Francisco FlameThrowers,19
1,2015-07-24 19:30:00,, New York Empire,33, Montreal Royal,20
2,2015-07-19 21:00:00,, LA Aviators,15, San Diego Growlers,21
3,2015-07-19 20:00:00,, Charlotte Express,18, Nashville Nightwatch,17
4,2015-07-19 16:00:00,, Seattle Cascades,24, Vancouver Riptide,26
5,2015-07-19 14:30:00,, Ottawa Outlaws,19, Toronto Rush,25
6,2015-07-19 14:00:00,, Detroit Mechanix,12, Chicago Union,28
7,2015-07-18 22:30:00,, San Diego Growlers,16, LA Aviators,21
8,2015-07-18 19:30:00,, Toronto Rush,30, Ottawa Outlaws,26
9,2015-07-18 19:00:00,, Indianapolis AlleyCats,25, Pittsburgh Thunderbirds,29
0,2015-05-02 19:00:00,, Pittsburgh Thunderbirds,18, Madison Radicals,24
1,2015-05-02 18:30:00,, Ottawa Outlaws,24, Rochester Dragons,18
2,2015-05-02 18:00:00,, Nashville Nightwatch,18, Jacksonville Cannons,23
3,2015-05-01 19:30:00,, Chicago Union,22, Indianapolis AlleyCats,23
4,2015-04-26 17:30:00,, Jacksonville Cannons,20, Atlanta Hustle,23
5,2015-04-26 16:00:00,, Toronto Rush,26, Montreal Royal,27
6,2015-04-26 16:00:00,, San Diego Growlers,18, San Jose Spiders,31
7,2015-04-25 21:00:00,, Seattle Cascades,26, Vancouver Riptide,22
8,2015-04-25 20:00:00,, Detroit Mechanix,12, Madison Radicals,35
9,2015-04-25 19:00:00,, Cincinnati Revolution,16, Pittsburgh Thunderbirds,30
0,2014-04-26 20:00:00,, San Francisco FlameThrowers,17, Seattle Cascades,13
1,2014-04-26 20:00:00,, Indianapolis AlleyCats,22, Detroit Mechanix,16
2,2014-04-26 20:00:00,, Cincinnati Revolution,12, Chicago Union,27
3,2014-04-26 20:00:00,, San Jose Spiders,31, Salt Lake Lions,20
4,2014-04-26 20:00:00,, Rochester Dragons,8, New York Empire,27
5,2014-04-25 20:00:00,, Madison Radicals,20, Minnesota Wind Chill,23
6,2014-04-20 20:00:00,, Salt Lake Lions,18, San Jose Spiders,37
7,2014-04-19 20:00:00,, Chicago Union,19, Indianapolis AlleyCats,25
8,2014-04-19 20:00:00,, Toronto Rush,22, Montreal Royal,14
9,2014-04-19 20:00:00,, Salt Lake Lions,9, San Francisco FlameThrowers,32
0,2021-06-18 21:30:00,Oakland Technical High School, San Diego Growlers,23, San Jose Spiders,16
1,2021-06-18 20:30:00,John Paul II High School, LA Aviators,12, Dallas Legion,20
2,2021-06-18 20:00:00,Sea Foam Stadium, Madison Radicals,19, Minnesota Wind Chill,25
3,2021-06-18 19:00:00,"Carlini Field, Catholic U", Boston Glory,20, DC Breeze,32
4,2021-06-18 17:30:00,JC Stone Field, New York Empire,24, Pittsburgh Thunderbirds,19
5,2021-06-13 15:00:00,Mission Bay, LA Aviators,20, San Diego Growlers,18
6,2021-06-12 21:30:00,Oakland Technical High School, Seattle Cascades,19, San Jose Spiders,20
7,2021-06-12 20:00:00,Westlake Chaparral Stadium, Dallas Legion,23, Austin Sol,24
8,2021-06-12 19:00:00,Grand Park, Detroit Mechanix,16, Indianapolis AlleyCats,28
9,2021-06-12 18:05:00,Campbell Park, Pittsburgh Thunderbirds,15, Tampa Bay Cannons,18
0,2021-08-13 21:30:00,Laney College Football Field, Seattle Cascades,16, San Jose Spiders,20
1,2021-08-13 19:00:00,South Philadelphia Super Site, New York Empire,20, Philadelphia Phoenix,19
2,2021-08-13 19:00:00,Hormel Stadium, Pittsburgh Thunderbirds,20, Boston Glory,26
3,2021-08-12 19:00:00,Complexe Sportif Claude-Robillard, Ottawa Outlaws,16, Montreal Royal,18
4,2021-08-08 14:00:00,JC Stone Field, DC Breeze,25, Pittsburgh Thunderbirds,16
5,2021-08-08 13:00:00,MNP Park Stadium, Montreal Royal,22, Ottawa Outlaws,18
6,2021-08-07 20:00:00,Westlake Chaparral Stadium, Dallas Legion,23, Austin Sol,22
7,2021-08-07 19:00:00,St Pius HS Field, Tampa Bay Cannons,21, Atlanta Hustle,20
8,2021-08-07 19:00:00,Joseph F. Fosina Field, Raleigh Flyers,23, New York Empire,24
9,2021-08-07 19:00:00,Langhorst Field, Detroit Mechanix,18, Chicago Union,22
0,2015-07-18 21:00:00,, Vancouver Riptide,17, Seattle Cascades,30
1,2015-07-18 21:00:00,, San Jose Spiders,18, San Francisco FlameThrowers,32
2,2015-07-18 20:00:00,, Charlotte Express,19, Nashville Nightwatch,22
3,2015-07-18 18:30:00,, New York Empire,20, Philadelphia Phoenix,17
4,2015-07-17 20:00:00,, Cincinnati Revolution,19, Madison Radicals,39
5,2015-07-17 20:00:00,, Detroit Mechanix,11, Minnesota Wind Chill,45
6,2015-07-16 20:00:00,, Rochester Dragons,17, Toronto Rush,39
7,2015-07-12 15:00:00,, Nashville Nightwatch,18, Atlanta Hustle,28
8,2015-07-12 13:00:00,, Rochester Dragons,16, Philadelphia Phoenix,26
9,2015-07-12 13:00:00,, Indianapolis AlleyCats,24, Madison Radicals,25
0,2015-04-25 21:00:00,, San Diego Growlers,22, San Francisco FlameThrowers,27
1,2015-04-25 19:00:00,, Jacksonville Cannons,18, Nashville Nightwatch,20
2,2015-04-25 17:00:00,, Toronto Rush,23, Ottawa Outlaws,19
3,2015-04-25 17:00:00,, Philadelphia Phoenix,17, New York Empire,27
4,2015-04-25 16:00:00,, Minnesota Wind Chill,14, Chicago Union,20
5,2015-04-24 19:30:00,, Cincinnati Revolution,9, Indianapolis AlleyCats,25
6,2015-04-19 17:00:00,, Madison Radicals,23, Cincinnati Revolution,9
7,2015-04-19 13:00:00,, Ottawa Outlaws,18, Philadelphia Phoenix,15
8,2015-04-19 13:00:00,, Jacksonville Cannons,21, Charlotte Express,19
9,2015-04-18 22:30:00,, Vancouver Riptide,21, Seattle Cascades,20
0,2014-04-19 20:00:00,, Madison Radicals,34, Detroit Mechanix,9
1,2014-04-19 20:00:00,, Seattle Cascades,19, Vancouver Riptide,24
2,2014-04-18 20:00:00,, Chicago Union,22, Cincinnati Revolution,23
3,2014-04-13 20:00:00,, Minnesota Wind Chill,19, Chicago Union,27
4,2014-04-13 20:00:00,, Toronto Rush,22, New York Empire,20
5,2014-04-13 20:00:00,, Madison Radicals,26, Indianapolis AlleyCats,21
6,2014-04-13 20:00:00,, Vancouver Riptide,21, Salt Lake Lions,12
7,2014-04-12 20:00:00,, Minnesota Wind Chill,30, Detroit Mechanix,21
8,2014-04-12 20:00:00,, Rochester Dragons,13, Philadelphia Phoenix,10
9,2014-04-12 20:00:00,, Vancouver Riptide,29, Salt Lake Lions,14
0,2015-07-11 21:00:00,, LA Aviators,22, San Diego Growlers,23
1,2015-07-11 20:00:00,, Indianapolis AlleyCats,21, Minnesota Wind Chill,22
2,2015-07-11 19:30:00,, Pittsburgh Thunderbirds,33, Cincinnati Revolution,27
3,2015-07-11 19:00:00,, Charlotte Express,23, Raleigh Flyers,26
4,2015-07-11 18:30:00,, Rochester Dragons,19, DC Breeze,27
5,2015-07-11 18:00:00,, Nashville Nightwatch,27, Jacksonville Cannons,29
6,2015-07-10 19:00:00,, Detroit Mechanix,16, Pittsburgh Thunderbirds,42
7,2015-07-10 18:30:00,, Philadelphia Phoenix,12, DC Breeze,27
8,2015-07-05 12:00:00,, DC Breeze,21, Montreal Royal,25
9,2015-07-04 19:00:00,, Jacksonville Cannons,24, Atlanta Hustle,21
0,2015-04-18 22:00:00,, San Francisco FlameThrowers,26, San Jose Spiders,29
1,2015-04-18 22:00:00,, LA Aviators,25, San Diego Growlers,23
2,2015-04-18 19:30:00,, Madison Radicals,26, Indianapolis AlleyCats,18
3,2015-04-18 19:00:00,, Atlanta Hustle,23, Nashville Nightwatch,17
4,2015-04-18 18:30:00,, Ottawa Outlaws,19, DC Breeze,23
5,2015-04-18 15:00:00,, Jacksonville Cannons,26, Raleigh Flyers,33
6,2015-04-12 16:00:00,, Seattle Cascades,26, San Diego Growlers,22
7,2015-04-12 16:00:00,, Vancouver Riptide,26, San Jose Spiders,32
8,2015-04-12 13:00:00,, Toronto Rush,26, Philadelphia Phoenix,21
9,2015-04-12 13:00:00,, Atlanta Hustle,27, Charlotte Express,25
0,2014-04-12 20:00:00,, San Francisco FlameThrowers,16, San Jose Spiders,20
1,2014-04-12 20:00:00,, Toronto Rush,20, DC Breeze,19
2,2014-04-12 20:00:00,, Madison Radicals,25, Cincinnati Revolution,16
3,2013-08-04 15:00:00,, Madison Radicals,14, Toronto Rush,16
4,2013-08-03 20:00:00,, New York Empire,18, Toronto Rush,25
5,2013-08-03 16:00:00,, Madison Radicals,21, Chicago Union,15
6,2013-07-27 14:00:00,, Indianapolis AlleyCats,15, Madison Radicals,18
7,2013-07-26 20:00:00,, Philadelphia Phoenix,13, New York Empire,21
8,2013-07-14 17:00:00,, Indianapolis AlleyCats,23, Madison Radicals,25
9,2013-07-14 14:00:00,, Toronto Rush,35, Philadelphia Phoenix,24
0,2019-07-20 22:00:00,Mission Bay, LA Aviators,21, San Diego Growlers,25
1,2019-07-20 19:00:00,Joseph F. Fosina Field, DC Breeze,21, Toronto Rush,22
2,2019-07-20 18:00:00,JC Stone Field, Chicago Union,20, Pittsburgh Thunderbirds,21
3,2019-07-14 16:00:00,Grand Park, Pittsburgh Thunderbirds,25, Indianapolis AlleyCats,17
4,2019-07-14 15:00:00,Complexe Sportif Claude-Robillard, Philadelphia Phoenix,21, Montreal Royal,20
5,2019-07-14 13:00:00,Breese Stevens Field, Detroit Mechanix,9, Madison Radicals,33
6,2019-07-13 19:00:00,Wake Competition Center, Tampa Bay Cannons,24, Raleigh Flyers,25
7,2019-07-13 19:00:00,Langhorst Field, Pittsburgh Thunderbirds,29, Chicago Union,16
8,2019-07-13 18:00:00,MNP Park Stadium, Philadelphia Phoenix,19, Ottawa Outlaws,20
9,2019-07-06 19:00:00,Grand Park, Chicago Union,21, Indianapolis AlleyCats,24
0,2017-06-17 21:00:00,, Seattle Cascades,24, Vancouver Riptide,19
1,2017-06-17 18:00:00,, DC Breeze,23, Montreal Royal,27
2,2017-06-17 17:00:00,, San Francisco FlameThrowers,27, Toronto Rush,33
3,2017-06-11 14:00:00,, Toronto Rush,17, DC Breeze,25
4,2017-06-10 22:00:00,, Seattle Cascades,20, LA Aviators,25
5,2017-06-10 20:00:00,, Madison Radicals,23, Minnesota Wind Chill,22
6,2017-06-10 19:00:00,, Atlanta Hustle,23, Jacksonville Cannons,27
7,2017-06-10 19:00:00,, Nashville Nightwatch,20, Raleigh Flyers,32
8,2017-06-10 19:00:00,, Ottawa Outlaws,13, Montreal Royal,16
9,2017-06-10 19:00:00,, Toronto Rush,35, Philadelphia Phoenix,28
0,2019-07-06 22:00:00,Foothill College Stadium, San Diego Growlers,26, San Jose Spiders,20
1,2019-07-06 21:00:00,Seattle Memorial Stadium, LA Aviators,31, Seattle Cascades,23
2,2019-07-06 19:00:00,St Pius HS Field, Dallas Legion,19, Atlanta Hustle,23
3,2019-07-06 19:00:00,Breese Stevens Field, Minnesota Wind Chill,17, Madison Radicals,22
4,2019-07-06 18:00:00,A.A. Garthwaite Stadium, New York Empire,22, Philadelphia Phoenix,20
5,2019-07-06 16:00:00,Bishop Foley Stadium, Pittsburgh Thunderbirds,24, Detroit Mechanix,23
6,2019-07-06 16:00:00,Varsity Stadium, DC Breeze,21, Toronto Rush,26
7,2019-07-05 19:00:00,Wake Competition Center, Dallas Legion,15, Raleigh Flyers,22
8,2019-07-04 19:00:00,Complexe Sportif Claude-Robillard, Ottawa Outlaws,22, Montreal Royal,25
9,2019-06-30 14:00:00,MNP Park Stadium, New York Empire,27, Ottawa Outlaws,23
0,2015-07-04 16:00:00,, DC Breeze,26, Ottawa Outlaws,25
1,2015-07-03 19:00:00,, New York Empire,25, Rochester Dragons,19
2,2015-06-28 17:00:00,, San Francisco FlameThrowers,17, Seattle Cascades,27
3,2015-06-28 15:30:00,, Minnesota Wind Chill,25, Indianapolis AlleyCats,21
4,2015-06-28 14:00:00,, Chicago Union,26, Pittsburgh Thunderbirds,27
5,2015-06-28 12:00:00,, Philadelphia Phoenix,13, New York Empire,24
6,2015-06-27 19:30:00,, Minnesota Wind Chill,21, Cincinnati Revolution,17
7,2015-06-27 19:00:00,, Atlanta Hustle,26, Charlotte Express,13
8,2015-06-27 19:00:00,, Nashville Nightwatch,15, Raleigh Flyers,20
9,2015-06-27 19:00:00,, Ottawa Outlaws,29, Montreal Royal,25
0,2015-04-12 12:00:00,, Montreal Royal,20, New York Empire,22
1,2015-04-11 22:30:00,, Seattle Cascades,29, LA Aviators,20
2,2015-04-11 21:00:00,, Vancouver Riptide,25, San Francisco FlameThrowers,26
3,2015-04-11 19:30:00,, Detroit Mechanix,17, Cincinnati Revolution,25
4,2015-04-11 19:30:00,, Pittsburgh Thunderbirds,28, Indianapolis AlleyCats,20
5,2015-04-11 19:00:00,, Atlanta Hustle,22, Raleigh Flyers,29
6,2015-04-11 18:30:00,, Toronto Rush,37, DC Breeze,17
7,2014-07-27 20:00:00,, San Jose Spiders,28, Toronto Rush,18
8,2014-07-26 20:00:00,, New York Empire,16, Toronto Rush,31
9,2014-07-26 20:00:00,, Madison Radicals,20, San Jose Spiders,23
0,2013-07-13 21:00:00,, Indianapolis AlleyCats,24, Minnesota Wind Chill,18
1,2013-07-13 18:00:00,, New Jersey Hammerheads,16, New York Empire,25
2,2013-07-13 14:00:00,, Toronto Rush,31, DC Breeze,17
3,2013-07-12 21:00:00,, Detroit Mechanix,19, Chicago Union,32
4,2013-07-07 17:00:00,, New York Empire,16, Toronto Rush,28
5,2013-07-07 17:00:00,, Cincinnati Revolution,16, Detroit Mechanix,17
6,2013-07-06 21:00:00,, Cincinnati Revolution,18, Madison Radicals,28
7,2013-07-06 20:30:00,, Minnesota Wind Chill,9, Indianapolis AlleyCats,29
8,2013-07-06 20:00:00,, New York Empire,27, Rochester Dragons,22
9,2013-07-06 20:00:00,, DC Breeze,24, New Jersey Hammerheads,17
0,2016-04-16 21:15:00,, LA Aviators,17, San Diego Growlers,19
1,2016-04-16 21:00:00,, Seattle Cascades,24, Vancouver Riptide,34
2,2016-04-15 19:00:00,, Cincinnati Revolution,19, Detroit Mechanix,20
3,2016-04-10 14:00:00,, Minnesota Wind Chill,17, Chicago Union,11
4,2016-04-10 13:30:00,, Ottawa Outlaws,17, DC Breeze,28
5,2016-04-09 22:30:00,, San Diego Growlers,20, LA Aviators,21
6,2016-04-09 21:00:00,, Seattle Cascades,18, San Francisco FlameThrowers,27
7,2016-04-09 19:30:00,, Dallas Legion,29, Austin Sol,18
8,2016-04-09 19:00:00,, Jacksonville Cannons,19, Raleigh Flyers,24
9,2016-04-09 19:00:00,, Charlotte Express,16, Atlanta Hustle,18
0,2019-06-30 16:30:00,Jerry Chabola Stadium, Seattle Cascades,14, LA Aviators,27
1,2019-06-30 14:00:00,Langhorst Field, Detroit Mechanix,6, Chicago Union,12
2,2019-06-30 14:00:00,Rudolph Gamblin Field, Atlanta Hustle,22, Austin Sol,21
3,2019-06-29 21:30:00,Balboa Stadium, Seattle Cascades,25, San Diego Growlers,26
4,2019-06-29 20:00:00,John Paul II High School, Atlanta Hustle,15, Dallas Legion,18
5,2019-06-29 19:30:00,Skyway Field, Raleigh Flyers,22, Tampa Bay Cannons,20
6,2019-06-29 19:00:00,Sea Foam Stadium, Detroit Mechanix,12, Minnesota Wind Chill,27
7,2019-06-29 18:00:00,Complexe Sportif Claude-Robillard, New York Empire,22, Montreal Royal,19
8,2019-06-29 18:00:00,JC Stone Field, Indianapolis AlleyCats,23, Pittsburgh Thunderbirds,20
9,2019-06-29 16:00:00,Varsity Stadium, Philadelphia Phoenix,26, Toronto Rush,24
0,2015-06-27 21:00:00,, San Francisco FlameThrowers,22, Vancouver Riptide,19
1,2015-06-27 18:00:00,, Rochester Dragons,10, Toronto Rush,27
2,2015-06-27 16:00:00,, Chicago Union,21, Detroit Mechanix,11
3,2015-06-22 18:30:00,, Montreal Royal,23, Rochester Dragons,17
4,2015-06-21 16:30:00,, Vancouver Riptide,20, LA Aviators,27
5,2015-06-21 16:00:00,, Seattle Cascades,21, San Francisco FlameThrowers,25
6,2015-06-21 15:00:00,, Montreal Royal,24, Rochester Dragons,21
7,2015-06-21 14:00:00,, DC Breeze,13, New York Empire,21
8,2015-06-20 22:00:00,, Seattle Cascades,28, San Jose Spiders,35
9,2015-06-20 19:30:00,, Pittsburgh Thunderbirds,25, Cincinnati Revolution,19
0,2014-07-19 20:00:00,, Chicago Union,17, New York Empire,22
1,2014-07-19 20:00:00,, DC Breeze,12, Toronto Rush,37
2,2014-07-19 20:00:00,, Indianapolis AlleyCats,16, Madison Radicals,25
3,2014-07-18 20:00:00,, San Francisco FlameThrowers,16, San Jose Spiders,26
4,2014-07-13 20:00:00,, Indianapolis AlleyCats,15, Minnesota Wind Chill,25
5,2014-07-12 20:00:00,, Vancouver Riptide,21, Seattle Cascades,18
6,2014-07-12 20:00:00,, DC Breeze,14, New York Empire,13
7,2014-07-12 20:00:00,, San Jose Spiders,23, San Francisco FlameThrowers,17
8,2014-07-12 20:00:00,, Toronto Rush,24, Philadelphia Phoenix,18
9,2014-07-06 20:00:00,, DC Breeze,25, Philadelphia Phoenix,20
0,2013-07-05 21:00:00,, Minnesota Wind Chill,13, Chicago Union,28
1,2013-06-30 17:00:00,, Madison Radicals,29, Detroit Mechanix,22
2,2013-06-30 15:00:00,, Toronto Rush,26, Rochester Dragons,20
3,2013-06-30 14:00:00,, New Jersey Hammerheads,17, Philadelphia Phoenix,20
4,2013-06-29 20:30:00,, Detroit Mechanix,17, Indianapolis AlleyCats,24
5,2013-06-29 20:00:00,, Cincinnati Revolution,24, Minnesota Wind Chill,35
6,2013-06-29 20:00:00,, Madison Radicals,15, Chicago Union,13
7,2013-06-29 17:00:00,, Rochester Dragons,18, Toronto Rush,28
8,2013-06-29 16:00:00,, New Jersey Hammerheads,9, New York Empire,22
9,2013-06-29 14:00:00,, Philadelphia Phoenix,23, DC Breeze,21
0,2019-06-28 20:00:00,Breese Stevens Field, Chicago Union,21, Madison Radicals,18
1,2019-06-23 14:00:00,MNP Park Stadium, Toronto Rush,22, Ottawa Outlaws,17
2,2019-06-23 14:00:00,Rudolph Gamblin Field, Tampa Bay Cannons,14, Austin Sol,23
3,2019-06-22 22:00:00,Foothill College Stadium, LA Aviators,31, San Jose Spiders,27
4,2019-06-22 21:00:00,Seattle Memorial Stadium, San Diego Growlers,30, Seattle Cascades,25
5,2019-06-22 20:00:00,John Paul II High School, Tampa Bay Cannons,22, Dallas Legion,29
6,2019-06-22 19:00:00,Grand Park, Minnesota Wind Chill,23, Indianapolis AlleyCats,24
7,2019-06-22 19:00:00,WakeMed Soccer Park, New York Empire,25, Raleigh Flyers,24
8,2019-06-22 18:00:00,JC Stone Field, Madison Radicals,20, Pittsburgh Thunderbirds,21
9,2019-06-22 18:00:00,Complexe Sportif Claude-Robillard, Toronto Rush,22, Montreal Royal,23
0,2015-06-20 21:00:00,, Vancouver Riptide,28, San Diego Growlers,32
1,2015-06-20 19:00:00,, Raleigh Flyers,24, Charlotte Express,21
2,2015-06-20 19:00:00,, Chicago Union,16, Madison Radicals,24
3,2015-06-20 18:30:00,, New York Empire,8, DC Breeze,7
4,2015-06-20 18:00:00,, Atlanta Hustle,27, Jacksonville Cannons,29
5,2015-06-20 18:00:00,, Montreal Royal,18, Toronto Rush,24
6,2015-06-19 20:00:00,, Madison Radicals,23, Chicago Union,22
7,2015-06-14 15:00:00,, Jacksonville Cannons,28, Raleigh Flyers,26
8,2015-06-14 15:00:00,, Philadelphia Phoenix,18, Rochester Dragons,19
9,2015-06-14 15:00:00,, Atlanta Hustle,25, Nashville Nightwatch,21
0,2014-07-05 20:00:00,, Montreal Royal,20, Toronto Rush,19
1,2014-07-05 20:00:00,, Rochester Dragons,23, Philadelphia Phoenix,28
2,2014-07-05 20:00:00,, New York Empire,31, DC Breeze,23
3,2014-07-05 20:00:00,, Detroit Mechanix,20, Cincinnati Revolution,24
4,2014-06-29 20:00:00,, Seattle Cascades,26, Vancouver Riptide,28
5,2014-06-29 20:00:00,, DC Breeze,13, New York Empire,21
6,2014-06-28 20:00:00,, Detroit Mechanix,9, Madison Radicals,28
7,2014-06-28 20:00:00,, Cincinnati Revolution,11, Chicago Union,21
8,2014-06-28 20:00:00,, Toronto Rush,29, Rochester Dragons,20
9,2014-06-28 20:00:00,, DC Breeze,29, Montreal Royal,20
0,2021-09-11 19:00:00,Audi Field, Raleigh Flyers,19, New York Empire,16
1,2021-09-10 19:00:00,Audi Field, Raleigh Flyers,21, Chicago Union,20
2,2021-09-10 16:00:00,Audi Field, San Diego Growlers,18, New York Empire,22
3,2021-09-09 19:00:00,Complexe Sportif Claude-Robillard, Toronto Rush,18, Montreal Royal,19
4,2021-09-04 19:45:00,Granite Knolls Park, Atlanta Hustle,21, New York Empire,22
5,2021-09-04 18:00:00,TD Place, Toronto Rush,24, Ottawa Outlaws,22
6,2021-09-03 19:30:00,"Carlini Field, Catholic U", Raleigh Flyers,19, DC Breeze,16
7,2021-08-29 18:00:00,De La Salle Institute, Minnesota Wind Chill,19, Chicago Union,21
8,2021-08-29 14:00:00,Varsity Stadium, Montreal Royal,25, Toronto Rush,18
9,2021-08-29 14:00:00,Campbell Park, DC Breeze,28, Tampa Bay Cannons,16
0,2013-06-23 17:00:00,, New York Empire,18, New Jersey Hammerheads,21
1,2013-06-23 16:00:00,, Indianapolis AlleyCats,29, Minnesota Wind Chill,21
2,2013-06-23 15:30:00,, Chicago Union,20, Cincinnati Revolution,17
3,2013-06-23 15:00:00,, DC Breeze,20, Rochester Dragons,24
4,2013-06-22 21:00:00,, Indianapolis AlleyCats,16, Madison Radicals,20
5,2013-06-22 19:00:00,, Philadelphia Phoenix,22, New York Empire,23
6,2013-06-22 17:00:00,, DC Breeze,16, Toronto Rush,40
7,2013-06-22 17:00:00,, Chicago Union,34, Detroit Mechanix,26
8,2013-06-16 20:30:00,, Madison Radicals,24, Indianapolis AlleyCats,22
9,2013-06-16 17:00:00,, Philadelphia Phoenix,21, New Jersey Hammerheads,17
0,2021-08-07 20:00:00,Mission Bay, LA Aviators,17, San Diego Growlers,24
1,2021-08-07 20:00:00,Seattle Memorial Stadium, San Jose Spiders,23, Seattle Cascades,15
2,2021-08-07 18:00:00,Complexe Sportif Claude-Robillard, Toronto Rush,16, Montreal Royal,18
3,2021-08-06 19:30:00,South Philadelphia Super Site, DC Breeze,20, Philadelphia Phoenix,13
4,2021-08-06 19:00:00,Hormel Stadium, Raleigh Flyers,19, Boston Glory,18
5,2021-08-01 16:00:00,LA Southwest College, Seattle Cascades,15, LA Aviators,20
6,2021-08-01 14:00:00,John Paul II High School, San Jose Spiders,14, Dallas Legion,15
7,2021-07-31 20:00:00,Westlake Chaparral Stadium, San Jose Spiders,15, Austin Sol,25
8,2021-07-31 19:00:00,St Pius HS Field, Pittsburgh Thunderbirds,22, Atlanta Hustle,27
9,2021-07-31 18:05:00,Campbell Park, New York Empire,25, Tampa Bay Cannons,18
0,2019-06-22 17:45:00,Grand Rapids Christian HS, Chicago Union,24, Detroit Mechanix,11
1,2019-06-22 16:00:00,"Carlini Field, Catholic U", Philadelphia Phoenix,18, DC Breeze,21
2,2019-06-16 14:00:00,A.A. Garthwaite Stadium, DC Breeze,21, Philadelphia Phoenix,16
3,2019-06-16 14:00:00,Langhorst Field, Detroit Mechanix,16, Chicago Union,24
4,2019-06-15 22:00:00,Foothill College Stadium, Seattle Cascades,26, San Jose Spiders,25
5,2019-06-15 21:45:00,Mission Bay, LA Aviators,18, San Diego Growlers,17
6,2019-06-15 19:00:00,Durham County Stadium, Dallas Legion,18, Raleigh Flyers,27
7,2019-06-15 19:00:00,Sea Foam Stadium, Madison Radicals,19, Minnesota Wind Chill,21
8,2019-06-15 18:00:00,"Carlini Field, Catholic U", Toronto Rush,22, DC Breeze,23
9,2019-06-15 18:00:00,Joseph F. Fosina Field, Philadelphia Phoenix,14, New York Empire,19
0,2015-06-14 16:00:00,, San Jose Spiders,23, Seattle Cascades,25
1,2015-06-13 21:00:00,, San Jose Spiders,26, Vancouver Riptide,23
2,2015-06-13 19:00:00,, Jacksonville Cannons,18, Charlotte Express,17
3,2015-06-13 19:00:00,, Ottawa Outlaws,33, Montreal Royal,22
4,2015-06-13 18:00:00,, Philadelphia Phoenix,17, Toronto Rush,37
5,2015-06-13 16:00:00,, Pittsburgh Thunderbirds,34, Detroit Mechanix,21
6,2015-06-12 20:00:00,, Madison Radicals,31, Minnesota Wind Chill,19
7,2015-06-12 20:00:00,, Pittsburgh Thunderbirds,16, Chicago Union,19
8,2015-06-07 14:00:00,, Rochester Dragons,18, Ottawa Outlaws,27
9,2015-06-07 13:00:00,, Madison Radicals,27, Detroit Mechanix,13
0,2014-06-28 20:00:00,, Vancouver Riptide,18, San Francisco FlameThrowers,23
1,2014-06-28 20:00:00,, Salt Lake Lions,12, San Jose Spiders,37
2,2014-06-27 20:00:00,, Cincinnati Revolution,15, Indianapolis AlleyCats,29
3,2014-06-27 20:00:00,, Detroit Mechanix,16, Minnesota Wind Chill,42
4,2014-06-22 20:00:00,, New York Empire,25, Rochester Dragons,9
5,2014-06-22 20:00:00,, San Francisco FlameThrowers,33, Salt Lake Lions,25
6,2014-06-22 20:00:00,, San Jose Spiders,22, Seattle Cascades,14
7,2014-06-22 20:00:00,, Philadelphia Phoenix,15, Toronto Rush,29
8,2014-06-21 20:00:00,, New York Empire,18, Toronto Rush,21
9,2014-06-21 20:00:00,, San Jose Spiders,37, Vancouver Riptide,25
0,2013-06-16 16:00:00,, New York Empire,19, DC Breeze,16
1,2013-06-16 15:00:00,, Rochester Dragons,22, Toronto Rush,25
2,2013-06-15 21:00:00,, Minnesota Wind Chill,25, Chicago Union,26
3,2013-06-15 20:30:00,, Madison Radicals,21, Cincinnati Revolution,23
4,2013-06-15 16:30:00,, New York Empire,21, Philadelphia Phoenix,17
5,2013-06-09 20:30:00,, Detroit Mechanix,23, Indianapolis AlleyCats,27
6,2013-06-09 18:00:00,, Philadelphia Phoenix,18, New York Empire,19
7,2013-06-09 15:00:00,, New Jersey Hammerheads,15, Toronto Rush,33
8,2013-06-08 21:00:00,, Detroit Mechanix,9, Chicago Union,21
9,2013-06-08 20:00:00,, New Jersey Hammerheads,20, Rochester Dragons,26
0,2019-06-15 18:00:00,Cégep Garneau (Québec), Ottawa Outlaws,22, Montreal Royal,21
1,2019-06-14 19:45:00,Skyway Field, Dallas Legion,25, Tampa Bay Cannons,20
2,2019-06-02 14:00:00,Varsity Stadium, Montreal Royal,13, Toronto Rush,19
3,2019-06-02 13:00:00,St Pius HS Field, Austin Sol,25, Atlanta Hustle,24
4,2019-06-01 22:30:00,Jerry Chabola Stadium, San Diego Growlers,20, LA Aviators,18
5,2019-06-01 21:30:00,Seattle Memorial Stadium, San Jose Spiders,25, Seattle Cascades,22
6,2019-06-01 19:05:00,Skyway Field, Austin Sol,16, Tampa Bay Cannons,24
7,2019-06-01 19:00:00,Sea Foam Stadium, Chicago Union,26, Minnesota Wind Chill,27
8,2019-06-01 18:00:00,MNP Park Stadium, Montreal Royal,21, Ottawa Outlaws,19
9,2019-06-01 18:00:00,"Carlini Field, Catholic U", New York Empire,20, DC Breeze,19
0,2015-06-06 22:30:00,, San Diego Growlers,20, LA Aviators,19
1,2015-06-06 22:00:00,, San Francisco FlameThrowers,18, San Jose Spiders,17
2,2015-06-06 20:00:00,, Cincinnati Revolution,17, Minnesota Wind Chill,25
3,2015-06-06 19:30:00,, Detroit Mechanix,21, Indianapolis AlleyCats,29
4,2015-06-06 19:00:00,, Madison Radicals,22, Pittsburgh Thunderbirds,26
5,2015-06-06 19:00:00,, Raleigh Flyers,27, Nashville Nightwatch,21
6,2015-06-06 18:30:00,, DC Breeze,26, Philadelphia Phoenix,20
7,2015-06-06 18:00:00,, Charlotte Express,12, Jacksonville Cannons,26
8,2015-06-06 17:00:00,, Toronto Rush,18, New York Empire,16
9,2015-06-06 16:00:00,, Rochester Dragons,19, Montreal Royal,21
0,2014-06-21 20:00:00,, Philadelphia Phoenix,19, Montreal Royal,31
1,2014-06-21 20:00:00,, Chicago Union,19, Minnesota Wind Chill,22
2,2014-06-21 20:00:00,, San Francisco FlameThrowers,31, Salt Lake Lions,22
3,2014-06-21 20:00:00,, Cincinnati Revolution,22, Indianapolis AlleyCats,23
4,2014-06-20 20:00:00,, Chicago Union,19, Madison Radicals,24
5,2014-06-15 20:00:00,, Philadelphia Phoenix,19, Montreal Royal,24
6,2014-06-15 20:00:00,, Seattle Cascades,21, San Jose Spiders,24
7,2014-06-14 20:00:00,, Philadelphia Phoenix,17, Rochester Dragons,16
8,2014-06-14 20:00:00,, Minnesota Wind Chill,15, Madison Radicals,23
9,2014-06-14 20:00:00,, Toronto Rush,31, Montreal Royal,18
0,2021-08-29 12:00:00,Hormel Stadium, New York Empire,18, Boston Glory,17
1,2021-08-28 21:00:00,Mission Bay, Dallas Legion,18, San Diego Growlers,22
2,2021-08-28 18:00:00,Varsity Stadium, Ottawa Outlaws,13, Toronto Rush,23
3,2021-08-22 14:00:00,Sea Foam Stadium, Madison Radicals,15, Minnesota Wind Chill,19
4,2021-08-22 13:00:00,MNP Park Stadium, Montreal Royal,24, Ottawa Outlaws,25
5,2021-08-21 18:30:00,South Philadelphia Super Site, Boston Glory,22, Philadelphia Phoenix,19
6,2021-08-21 18:00:00,Complexe Sportif Claude-Robillard, Toronto Rush,23, Montreal Royal,25
7,2021-08-21 18:00:00,"Carlini Field, Catholic U", Raleigh Flyers,21, DC Breeze,22
8,2021-08-21 18:00:00,South Christian High School, Chicago Union,29, Detroit Mechanix,19
9,2021-08-21 18:00:00,JC Stone Field, Atlanta Hustle,26, Pittsburgh Thunderbirds,25
0,2013-06-08 16:30:00,, DC Breeze,27, Philadelphia Phoenix,31
1,2013-06-07 21:00:00,, Madison Radicals,25, Minnesota Wind Chill,24
2,2013-06-02 20:30:00,, Chicago Union,26, Indianapolis AlleyCats,22
3,2013-06-02 17:00:00,, Cincinnati Revolution,20, Madison Radicals,26
4,2013-06-02 16:00:00,, DC Breeze,13, New York Empire,23
5,2013-06-02 15:00:00,, Philadelphia Phoenix,12, Rochester Dragons,14
6,2013-06-01 21:00:00,, Cincinnati Revolution,9, Minnesota Wind Chill,26
7,2013-06-01 20:00:00,, DC Breeze,22, New Jersey Hammerheads,20
8,2013-06-01 17:00:00,, Philadelphia Phoenix,18, Toronto Rush,28
9,2013-05-26 15:30:00,, Indianapolis AlleyCats,23, Cincinnati Revolution,19
0,2021-06-04 20:00:00,Breese Stevens Field, Minnesota Wind Chill,20, Madison Radicals,18
1,2021-06-04 19:30:00,South Philadelphia Super Site, Tampa Bay Cannons,16, Philadelphia Phoenix,21
2,2021-06-04 19:30:00,Grand Park, Detroit Mechanix,21, Indianapolis AlleyCats,30
3,2021-06-04 19:00:00,Joseph F. Fosina Field, DC Breeze,18, New York Empire,19
4,2019-08-11 15:00:00,Foothill College Stadium, Dallas Legion,22, New York Empire,26
5,2019-08-10 22:00:00,Foothill College Stadium, Dallas Legion,23, San Diego Growlers,18
6,2019-08-10 19:00:00,Foothill College Stadium, Indianapolis AlleyCats,15, New York Empire,17
7,2019-07-27 19:00:00,Grand Park, Pittsburgh Thunderbirds,17, Indianapolis AlleyCats,23
8,2019-07-27 19:00:00,Durham County Stadium, Dallas Legion,21, Raleigh Flyers,17
9,2019-07-21 18:00:00,Joseph F. Fosina Field, Toronto Rush,16, New York Empire,19
0,2019-06-01 17:45:00,Grand Rapids Christian HS, Pittsburgh Thunderbirds,17, Detroit Mechanix,12
1,2019-06-01 15:00:00,Breese Stevens Field, Indianapolis AlleyCats,18, Madison Radicals,15
2,2019-05-26 13:00:00,Bishop Foley Stadium, Madison Radicals,16, Detroit Mechanix,14
3,2019-05-26 13:00:00,"Carlini Field, Catholic U", Montreal Royal,17, DC Breeze,27
4,2019-05-25 20:00:00,John Paul II High School, Austin Sol,15, Dallas Legion,20
5,2019-05-25 19:00:00,St Pius HS Field, Tampa Bay Cannons,14, Atlanta Hustle,23
6,2019-05-25 19:00:00,Langhorst Field, Indianapolis AlleyCats,17, Chicago Union,18
7,2019-05-25 18:00:00,A.A. Garthwaite Stadium, Montreal Royal,25, Philadelphia Phoenix,15
8,2019-05-25 18:00:00,JC Stone Field, Minnesota Wind Chill,17, Pittsburgh Thunderbirds,24
9,2019-05-25 18:00:00,Varsity Stadium, Madison Radicals,15, Toronto Rush,22
0,2015-06-05 20:00:00,, Raleigh Flyers,20, Atlanta Hustle,24
1,2015-06-05 20:00:00,, Cincinnati Revolution,10, Chicago Union,28
2,2015-05-31 16:00:00,, LA Aviators,17, San Francisco FlameThrowers,24
3,2015-05-31 12:00:00,, Philadelphia Phoenix,16, Montreal Royal,25
4,2015-05-30 22:00:00,, LA Aviators,19, San Jose Spiders,27
5,2015-05-30 20:00:00,, Madison Radicals,23, Minnesota Wind Chill,18
6,2015-05-30 19:00:00,, Detroit Mechanix,20, Pittsburgh Thunderbirds,44
7,2015-05-30 18:00:00,, Raleigh Flyers,29, Jacksonville Cannons,27
8,2015-05-30 17:00:00,, Rochester Dragons,16, New York Empire,27
9,2015-05-30 16:00:00,, Philadelphia Phoenix,18, Ottawa Outlaws,28
0,2014-06-14 20:00:00,, New York Empire,26, DC Breeze,31
1,2014-06-14 20:00:00,, Indianapolis AlleyCats,27, Detroit Mechanix,19
2,2014-06-14 20:00:00,, Seattle Cascades,17, San Francisco FlameThrowers,23
3,2014-06-08 20:00:00,, Cincinnati Revolution,15, Madison Radicals,28
4,2014-06-08 20:00:00,, Montreal Royal,24, DC Breeze,25
5,2014-06-08 20:00:00,, Rochester Dragons,18, Toronto Rush,38
6,2014-06-08 20:00:00,, Salt Lake Lions,11, Seattle Cascades,35
7,2014-06-07 20:00:00,, Salt Lake Lions,9, Vancouver Riptide,37
8,2014-06-07 20:00:00,, Detroit Mechanix,13, Chicago Union,26
9,2014-06-07 20:00:00,, Madison Radicals,23, Indianapolis AlleyCats,12
0,2013-05-26 14:00:00,, Rochester Dragons,16, Philadelphia Phoenix,17
1,2013-05-25 20:30:00,, Indianapolis AlleyCats,27, Cincinnati Revolution,21
2,2013-05-25 20:00:00,, Chicago Union,23, Detroit Mechanix,19
3,2013-05-25 20:00:00,, Philadelphia Phoenix,20, New Jersey Hammerheads,15
4,2013-05-25 14:00:00,, Rochester Dragons,16, DC Breeze,14
5,2013-05-24 21:00:00,, Minnesota Wind Chill,23, Madison Radicals,27
6,2013-05-18 21:00:00,, Detroit Mechanix,16, Madison Radicals,26
7,2013-05-18 20:30:00,, Cincinnati Revolution,21, Indianapolis AlleyCats,28
8,2013-05-18 20:00:00,, Toronto Rush,28, Rochester Dragons,21
9,2013-05-18 20:00:00,, New York Empire,24, New Jersey Hammerheads,16
0,2021-07-31 20:00:00,Mission Bay, Seattle Cascades,20, San Diego Growlers,21
1,2021-07-31 19:00:00,Sea Foam Stadium, Indianapolis AlleyCats,16, Minnesota Wind Chill,17
2,2021-07-31 18:00:00,"Carlini Field, Catholic U", Philadelphia Phoenix,12, DC Breeze,22
3,2021-07-31 18:00:00,Grand Rapids Christian HS, Madison Radicals,23, Detroit Mechanix,15
4,2021-07-30 20:00:00,Breese Stevens Field, Chicago Union,23, Madison Radicals,18
5,2021-07-30 19:00:00,Durham County Stadium, Pittsburgh Thunderbirds,17, Raleigh Flyers,20
6,2021-07-25 13:00:00,Complexe Sportif Claude-Robillard, Ottawa Outlaws,26, Montreal Royal,19
7,2021-07-24 21:30:00,Oakland Technical High School, LA Aviators,20, San Jose Spiders,18
8,2021-07-24 20:00:00,Westlake Chaparral Stadium, San Diego Growlers,21, Austin Sol,17
9,2021-07-24 19:00:00,St Pius HS Field, New York Empire,21, Atlanta Hustle,22
0,2019-05-25 16:00:00,Joseph F. Fosina Field, Ottawa Outlaws,15, New York Empire,20
1,2019-05-19 14:00:00,A.A. Garthwaite Stadium, Toronto Rush,16, Philadelphia Phoenix,18
2,2019-05-19 14:00:00,John Paul II High School, Tampa Bay Cannons,21, Dallas Legion,28
3,2019-05-19 13:00:00,Complexe Sportif Claude-Robillard, DC Breeze,20, Montreal Royal,19
4,2019-05-18 20:00:00,Westwood, Tampa Bay Cannons,19, Austin Sol,17
5,2019-05-18 19:00:00,Joseph F. Fosina Field, Toronto Rush,17, New York Empire,22
6,2019-05-18 19:00:00,MNP Park Stadium, DC Breeze,21, Ottawa Outlaws,22
7,2019-05-18 19:00:00,MAC Sports & Entertainment, Atlanta Hustle,22, Raleigh Flyers,25
8,2019-05-18 19:00:00,TCO Stadium, Indianapolis AlleyCats,13, Minnesota Wind Chill,11
9,2019-05-18 19:00:00,Langhorst Field, Madison Radicals,25, Chicago Union,22
0,2015-05-29 20:00:00,, Charlotte Express,18, Atlanta Hustle,26
1,2015-05-24 19:00:00,, San Jose Spiders,24, Vancouver Riptide,31
2,2015-05-24 16:30:00,, San Francisco FlameThrowers,22, LA Aviators,23
3,2015-05-24 15:00:00,, DC Breeze,26, Rochester Dragons,25
4,2015-05-24 14:00:00,, New York Empire,22, Ottawa Outlaws,17
5,2015-05-23 21:00:00,, San Francisco FlameThrowers,27, San Diego Growlers,25
6,2015-05-23 21:00:00,, Vancouver Riptide,27, Seattle Cascades,34
7,2015-05-23 20:00:00,, Minnesota Wind Chill,15, Chicago Union,25
8,2015-05-23 19:00:00,, Raleigh Flyers,27, Charlotte Express,18
9,2015-05-23 19:00:00,, Cincinnati Revolution,29, Detroit Mechanix,25
0,2014-06-07 20:00:00,, San Francisco FlameThrowers,30, San Jose Spiders,33
1,2014-06-07 20:00:00,, Cincinnati Revolution,18, Minnesota Wind Chill,30
2,2014-06-07 20:00:00,, Montreal Royal,16, New York Empire,24
3,2014-06-01 20:00:00,, New York Empire,27, Philadelphia Phoenix,16
4,2014-06-01 20:00:00,, Vancouver Riptide,16, San Francisco FlameThrowers,20
5,2014-06-01 20:00:00,, Montreal Royal,22, Rochester Dragons,19
6,2014-05-31 20:00:00,, Montreal Royal,20, Toronto Rush,25
7,2014-05-31 20:00:00,, Madison Radicals,29, Cincinnati Revolution,12
8,2014-05-31 20:00:00,, Vancouver Riptide,25, San Jose Spiders,26
9,2014-05-31 20:00:00,, Chicago Union,31, Detroit Mechanix,17
0,2013-05-18 16:00:00,, Detroit Mechanix,6, Minnesota Wind Chill,20
1,2013-05-18 14:00:00,, Philadelphia Phoenix,18, DC Breeze,17
2,2013-05-12 17:00:00,, Chicago Union,16, Madison Radicals,15
3,2013-05-12 17:00:00,, New York Empire,9, Toronto Rush,16
4,2013-05-12 16:00:00,, New Jersey Hammerheads,13, DC Breeze,18
5,2013-05-12 15:30:00,, Detroit Mechanix,10, Cincinnati Revolution,17
6,2013-05-11 21:00:00,, Chicago Union,18, Minnesota Wind Chill,15
7,2013-05-11 20:00:00,, New York Empire,20, Rochester Dragons,21
8,2013-05-05 15:00:00,, New Jersey Hammerheads,15, Rochester Dragons,20
9,2013-05-05 15:00:00,, Cincinnati Revolution,23, Detroit Mechanix,22
0,2019-05-18 20:30:00,Jerry Chabola Stadium, San Jose Spiders,21, LA Aviators,25
1,2019-05-18 18:00:00,JC Stone Field, Detroit Mechanix,11, Pittsburgh Thunderbirds,24
2,2019-05-17 21:45:00,Mission Bay, San Jose Spiders,20, San Diego Growlers,32
3,2019-05-11 22:00:00,Foothill College Stadium, Seattle Cascades,19, San Jose Spiders,24
4,2019-05-11 20:00:00,House Park, Dallas Legion,25, Austin Sol,21
5,2019-05-11 19:05:00,Skyway Field, Raleigh Flyers,24, Tampa Bay Cannons,19
6,2019-05-11 19:00:00,Grand Park, Atlanta Hustle,27, Indianapolis AlleyCats,22
7,2019-05-11 19:00:00,Breese Stevens Field, Minnesota Wind Chill,20, Madison Radicals,19
8,2019-05-11 18:00:00,Joseph F. Fosina Field, DC Breeze,25, New York Empire,26
9,2019-05-11 18:00:00,JC Stone Field, Chicago Union,18, Pittsburgh Thunderbirds,21
0,2015-05-23 18:00:00,, DC Breeze,21, Toronto Rush,33
1,2015-05-23 16:00:00,, New York Empire,17, Montreal Royal,20
2,2015-05-22 20:00:00,, Minnesota Wind Chill,10, Madison Radicals,27
3,2015-05-17 16:00:00,, LA Aviators,19, Seattle Cascades,29
4,2015-05-17 15:00:00,, Nashville Nightwatch,22, Raleigh Flyers,33
5,2015-05-16 20:00:00,, Chicago Union,12, Minnesota Wind Chill,12
6,2015-05-16 19:30:00,, Cincinnati Revolution,18, Indianapolis AlleyCats,27
7,2015-05-16 19:00:00,, Nashville Nightwatch,26, Charlotte Express,29
8,2015-05-16 18:30:00,, Toronto Rush,37, Rochester Dragons,21
9,2015-05-16 18:30:00,, New York Empire,22, DC Breeze,18
0,2014-05-31 20:00:00,, Seattle Cascades,22, Salt Lake Lions,15
1,2014-05-25 20:00:00,, Vancouver Riptide,21, Seattle Cascades,16
2,2014-05-25 20:00:00,, Minnesota Wind Chill,29, Detroit Mechanix,18
3,2014-05-25 20:00:00,, DC Breeze,26, Rochester Dragons,21
4,2014-05-25 20:00:00,, Montreal Royal,21, New York Empire,26
5,2014-05-24 20:00:00,, DC Breeze,17, Toronto Rush,27
6,2014-05-24 20:00:00,, Minnesota Wind Chill,26, Cincinnati Revolution,25
7,2014-05-24 20:00:00,, Chicago Union,12, Madison Radicals,15
8,2014-05-24 20:00:00,, Montreal Royal,23, Philadelphia Phoenix,15
9,2014-05-23 20:00:00,, Madison Radicals,14, Chicago Union,15
0,2013-05-05 14:00:00,, DC Breeze,18, Philadelphia Phoenix,23
1,2013-05-04 21:00:00,, Indianapolis AlleyCats,17, Chicago Union,25
2,2013-05-04 20:00:00,, New Jersey Hammerheads,18, Toronto Rush,31
3,2013-05-04 18:00:00,, DC Breeze,11, New York Empire,25
4,2013-05-04 16:30:00,, Minnesota Wind Chill,16, Detroit Mechanix,22
5,2013-05-03 21:00:00,, Minnesota Wind Chill,15, Madison Radicals,19
6,2013-04-28 17:00:00,, Cincinnati Revolution,16, Chicago Union,23
7,2013-04-28 17:00:00,, Toronto Rush,29, New Jersey Hammerheads,19
8,2013-04-28 16:00:00,, Rochester Dragons,25, DC Breeze,26
9,2013-04-27 21:00:00,, Madison Radicals,22, Minnesota Wind Chill,20
0,2021-08-21 21:00:00,LA Southwest College, San Jose Spiders,20, LA Aviators,21
1,2021-08-20 22:00:00,Mission Bay, San Jose Spiders,21, San Diego Growlers,24
2,2021-08-20 19:00:00,Joseph F. Fosina Field, Boston Glory,21, New York Empire,25
3,2021-08-15 15:00:00,Westfield HS, Minnesota Wind Chill,23, Indianapolis AlleyCats,19
4,2021-08-15 13:00:00,Varsity Stadium, Ottawa Outlaws,21, Toronto Rush,23
5,2021-08-14 21:00:00,LA Southwest College, San Diego Growlers,21, LA Aviators,17
6,2021-08-14 19:00:00,Joseph F. Fosina Field, Pittsburgh Thunderbirds,16, New York Empire,20
7,2021-08-14 18:00:00,Varsity Stadium, Montreal Royal,20, Toronto Rush,19
8,2021-08-14 18:00:00,Grand Rapids Christian HS, Minnesota Wind Chill,24, Detroit Mechanix,15
9,2021-08-14 18:00:00,Durham County Stadium, Atlanta Hustle,18, Raleigh Flyers,20
0,2019-05-11 20:30:00,Jerry Chabola Stadium, San Diego Growlers,27, LA Aviators,21
1,2019-05-11 16:00:00,Varsity Stadium, Ottawa Outlaws,24, Toronto Rush,25
2,2019-05-05 14:00:00,A.A. Garthwaite Stadium, Ottawa Outlaws,16, Philadelphia Phoenix,21
3,2019-05-05 13:00:00,Bishop Foley Stadium, Minnesota Wind Chill,31, Detroit Mechanix,22
4,2019-05-05 13:00:00,WakeMed Soccer Park, Austin Sol,18, Raleigh Flyers,23
5,2019-05-04 22:00:00,Foothill College Stadium, LA Aviators,25, San Jose Spiders,16
6,2019-05-04 21:30:00,Seattle Memorial Stadium, San Diego Growlers,21, Seattle Cascades,25
7,2019-05-04 19:00:00,Langhorst Field, Minnesota Wind Chill,17, Chicago Union,23
8,2019-05-04 18:00:00,"Carlini Field, Catholic U", Ottawa Outlaws,15, DC Breeze,24
9,2019-05-04 18:00:00,JC Stone Field, Indianapolis AlleyCats,19, Pittsburgh Thunderbirds,16
0,2015-05-16 21:00:00,, LA Aviators,24, Vancouver Riptide,27
1,2015-05-16 21:00:00,, San Diego Growlers,21, San Francisco FlameThrowers,18
2,2015-05-16 18:00:00,, Atlanta Hustle,22, Jacksonville Cannons,26
3,2015-05-16 16:00:00,, Montreal Royal,24, Ottawa Outlaws,25
4,2015-05-15 22:30:00,, San Francisco FlameThrowers,15, San Jose Spiders,20
5,2015-05-15 20:00:00,, Chicago Union,13, Madison Radicals,16
6,2015-05-15 19:30:00,, Indianapolis AlleyCats,28, Detroit Mechanix,18
7,2015-05-10 20:00:00,, Minnesota Wind Chill,27, Detroit Mechanix,20
8,2015-05-10 16:30:00,, Seattle Cascades,17, LA Aviators,20
9,2015-05-10 15:00:00,, Raleigh Flyers,22, Nashville Nightwatch,21
0,2014-05-18 20:00:00,, Philadelphia Phoenix,21, DC Breeze,25
1,2014-05-18 20:00:00,, Rochester Dragons,14, Montreal Royal,27
2,2014-05-18 20:00:00,, Salt Lake Lions,13, Seattle Cascades,26
3,2014-05-17 20:00:00,, New York Empire,24, Rochester Dragons,13
4,2014-05-17 20:00:00,, Detroit Mechanix,22, Indianapolis AlleyCats,30
5,2014-05-17 20:00:00,, Chicago Union,31, Minnesota Wind Chill,20
6,2014-05-17 20:00:00,, San Jose Spiders,21, San Francisco FlameThrowers,22
7,2014-05-17 20:00:00,, Salt Lake Lions,28, Vancouver Riptide,40
8,2014-05-16 20:00:00,, Indianapolis AlleyCats,24, Cincinnati Revolution,20
9,2014-05-11 20:00:00,, San Jose Spiders,23, Seattle Cascades,14
0,2013-04-27 20:30:00,, Detroit Mechanix,15, Cincinnati Revolution,11
1,2013-04-27 20:30:00,, Chicago Union,25, Indianapolis AlleyCats,15
2,2013-04-27 19:00:00,, Toronto Rush,22, New York Empire,14
3,2013-04-27 13:00:00,, Rochester Dragons,14, Philadelphia Phoenix,26
4,2013-04-21 18:00:00,, Madison Radicals,24, Detroit Mechanix,25
5,2013-04-21 17:00:00,, Rochester Dragons,13, New Jersey Hammerheads,28
6,2013-04-21 15:30:00,, Minnesota Wind Chill,21, Cincinnati Revolution,22
7,2013-04-21 14:00:00,, Toronto Rush,26, Philadelphia Phoenix,25
8,2013-04-20 21:00:00,, Madison Radicals,22, Chicago Union,21
9,2013-04-20 20:30:00,, Minnesota Wind Chill,34, Indianapolis AlleyCats,25
0,2021-07-24 19:00:00,Sea Foam Stadium, Chicago Union,20, Minnesota Wind Chill,16
1,2021-07-24 18:05:00,Campbell Park, Boston Glory,26, Tampa Bay Cannons,23
2,2021-07-24 18:00:00,Grand Rapids Christian HS, Indianapolis AlleyCats,19, Detroit Mechanix,13
3,2021-07-24 18:00:00,MNP Park Stadium, Toronto Rush,24, Ottawa Outlaws,27
4,2021-07-23 22:30:00,Seattle Memorial Stadium, LA Aviators,21, Seattle Cascades,16
5,2021-07-23 20:30:00,John Paul II High School, San Diego Growlers,15, Dallas Legion,19
6,2021-07-18 16:00:00,Mission Bay, Austin Sol,20, San Diego Growlers,21
7,2021-07-18 14:00:00,Langhorst Field, Indianapolis AlleyCats,18, Chicago Union,24
8,2021-07-17 21:30:00,Oakland Technical High School, Dallas Legion,23, San Jose Spiders,20
9,2021-07-17 18:00:00,"Carlini Field, Catholic U", Atlanta Hustle,17, DC Breeze,13
0,2019-05-04 17:00:00,St Pius HS Field, Austin Sol,19, Atlanta Hustle,23
1,2019-05-04 16:00:00,Varsity Stadium, Montreal Royal,16, Toronto Rush,21
2,2019-04-28 14:00:00,Joseph F. Fosina Field, Montreal Royal,19, New York Empire,23
3,2019-04-27 22:30:00,Jerry Chabola Stadium, Seattle Cascades,19, LA Aviators,25
4,2019-04-27 19:00:00,St Pius HS Field, Raleigh Flyers,21, Atlanta Hustle,15
5,2019-04-27 19:00:00,Sea Foam Stadium, Pittsburgh Thunderbirds,22, Minnesota Wind Chill,25
6,2019-04-27 18:00:00,A.A. Garthwaite Stadium, New York Empire,25, Philadelphia Phoenix,16
7,2019-04-27 17:45:00,Grand Rapids Christian HS, Indianapolis AlleyCats,19, Detroit Mechanix,16
8,2019-04-27 14:00:00,MNP Park Stadium, Toronto Rush,19, Ottawa Outlaws,13
9,2019-04-26 22:00:00,Mira Mesa HS, Seattle Cascades,18, San Diego Growlers,20
0,2018-05-13 16:30:00,Seattle Memorial Stadium, LA Aviators,30, Seattle Cascades,26
1,2018-05-13 13:00:00,Breese Stevens Field, Detroit Mechanix,8, Madison Radicals,37
2,2018-05-12 22:00:00,Foothill College Stadium, San Francisco FlameThrowers,26, San Jose Spiders,23
3,2018-05-12 20:00:00,House Park, Dallas Legion,27, Austin Sol,23
4,2018-05-12 19:00:00,Benedetti-Wehrli Stadium, Pittsburgh Thunderbirds,16, Chicago Union,21
5,2018-05-12 18:30:00,Cardinal Stadium, Raleigh Flyers,24, DC Breeze,25
6,2018-05-12 18:30:00,St Pius HS Field, Tampa Bay Cannons,26, Atlanta Hustle,27
7,2018-05-12 18:00:00,National Sports Center Stadium, Detroit Mechanix,17, Minnesota Wind Chill,34
8,2018-05-06 16:00:00,Art Rooney Field, Indianapolis AlleyCats,27, Pittsburgh Thunderbirds,18
9,2018-05-06 15:00:00,Vanderbilt Natchez Field, Austin Sol,20, Nashville Nightwatch,22
0,2017-06-10 21:00:00,, San Jose Spiders,19, San Francisco FlameThrowers,27
1,2017-06-09 22:00:00,, Seattle Cascades,20, San Diego Growlers,21
2,2017-06-04 17:30:00,, New York Empire,17, DC Breeze,18
3,2017-06-04 17:00:00,, Austin Sol,24, Atlanta Hustle,27
4,2017-06-04 16:30:00,, Pittsburgh Thunderbirds,28, Indianapolis AlleyCats,26
5,2017-06-04 16:30:00,, LA Aviators,24, San Francisco FlameThrowers,30
6,2017-06-04 16:00:00,, San Diego Growlers,22, Seattle Cascades,19
7,2017-06-03 22:00:00,, LA Aviators,28, San Jose Spiders,23
8,2017-06-03 20:00:00,, Pittsburgh Thunderbirds,21, Chicago Union,22
9,2017-06-03 19:00:00,, Jacksonville Cannons,26, Raleigh Flyers,27
0,2016-06-25 22:00:00,, San Diego Growlers,21, San Jose Spiders,24
1,2016-06-25 21:00:00,, LA Aviators,21, Vancouver Riptide,20
2,2016-06-25 20:00:00,, Madison Radicals,21, Chicago Union,10
3,2016-06-25 19:00:00,, Austin Sol,26, Jacksonville Cannons,24
4,2016-06-25 19:00:00,, Nashville Nightwatch,19, Charlotte Express,28
5,2016-06-25 18:30:00,, Philadelphia Phoenix,16, DC Breeze,27
6,2016-06-25 18:00:00,, Indianapolis AlleyCats,29, Detroit Mechanix,22
7,2016-06-25 16:30:00,, Ottawa Outlaws,21, New York Empire,23
8,2016-06-19 18:30:00,, Philadelphia Phoenix,13, New York Empire,28
9,2016-06-19 16:30:00,, Chicago Union,17, Indianapolis AlleyCats,29
0,2013-04-20 20:00:00,, Rochester Dragons,14, New York Empire,23
1,2013-04-20 14:00:00,, Toronto Rush,30, DC Breeze,13
2,2013-04-13 20:00:00,, Indianapolis AlleyCats,30, Detroit Mechanix,24
3,2013-04-12 20:30:00,, Chicago Union,26, Cincinnati Revolution,15
4,2012-08-11 20:00:00,, Indianapolis AlleyCats,22, Philadelphia Spinners,29
5,2012-08-05 20:00:00,, Rhode Island Rampage,21, Philadelphia Spinners,35
6,2012-07-28 20:00:00,, Cincinnati Revolution,20, Indianapolis AlleyCats,24
7,2012-07-22 20:00:00,, Cincinnati Revolution,17, Columbus Cranes,19
8,2012-07-21 20:00:00,, Rhode Island Rampage,20, Philadelphia Spinners,29
9,2012-07-21 20:00:00,, Cincinnati Revolution,22, Detroit Mechanix,20
0,2019-04-20 22:00:00,Foothill College Stadium, San Diego Growlers,21, San Jose Spiders,16
1,2019-04-20 21:00:00,Seattle Memorial Stadium, LA Aviators,24, Seattle Cascades,20
2,2019-04-20 20:00:00,John Paul II High School, Austin Sol,17, Dallas Legion,21
3,2019-04-20 19:05:00,Skyway Field, Atlanta Hustle,14, Tampa Bay Cannons,17
4,2019-04-20 19:00:00,Grand Park, Detroit Mechanix,22, Indianapolis AlleyCats,26
5,2019-04-20 19:00:00,Breese Stevens Field, Pittsburgh Thunderbirds,17, Madison Radicals,26
6,2019-04-20 19:00:00,Sea Foam Stadium, Chicago Union,26, Minnesota Wind Chill,25
7,2019-04-20 16:00:00,"Carlini Field, Catholic U", Philadelphia Phoenix,18, DC Breeze,20
8,2019-04-14 18:00:00,Grand Park, Madison Radicals,22, Indianapolis AlleyCats,20
9,2019-04-13 19:00:00,St Pius HS Field, Raleigh Flyers,24, Atlanta Hustle,21
0,2018-05-06 14:00:00,MNP Park Stadium, Philadelphia Phoenix,19, Ottawa Outlaws,22
1,2018-05-05 22:00:00,Jack Kemp Stadium, San Jose Spiders,31, LA Aviators,33
2,2018-05-05 22:00:00,Seattle Memorial Stadium, San Francisco FlameThrowers,25, Seattle Cascades,27
3,2018-05-05 19:00:00,WakeMed Soccer Park, Tampa Bay Cannons,20, Raleigh Flyers,23
4,2018-05-05 19:00:00,Joseph F. Fosina Field, DC Breeze,18, New York Empire,19
5,2018-05-05 18:30:00,St Pius HS Field, Austin Sol,23, Atlanta Hustle,22
6,2018-05-05 16:00:00,Venture Park, Indianapolis AlleyCats,31, Detroit Mechanix,22
7,2018-05-05 16:00:00,TCF Bank Stadium, Madison Radicals,20, Minnesota Wind Chill,19
8,2018-05-05 13:00:00,Complexe Sportif Claude-Robillard, Philadelphia Phoenix,17, Montreal Royal,14
9,2018-05-04 22:00:00,Balboa Stadium, San Jose Spiders,28, San Diego Growlers,31
0,2017-06-03 21:00:00,, San Diego Growlers,25, Vancouver Riptide,23
1,2017-06-03 19:00:00,, Austin Sol,28, Nashville Nightwatch,24
2,2017-06-03 19:00:00,, Dallas Legion,23, Madison Radicals,17
3,2017-06-03 18:30:00,, DC Breeze,21, Philadelphia Phoenix,22
4,2017-06-03 17:00:00,, Ottawa Outlaws,23, Toronto Rush,33
5,2017-06-03 16:00:00,, Indianapolis AlleyCats,32, Detroit Mechanix,23
6,2017-06-02 19:00:00,, Montreal Royal,31, Ottawa Outlaws,22
7,2017-05-28 15:00:00,, Philadelphia Phoenix,21, Montreal Royal,23
8,2017-05-28 15:00:00,, Chicago Union,20, Minnesota Wind Chill,23
9,2017-05-27 19:00:00,, Jacksonville Cannons,23, Atlanta Hustle,20
0,2016-06-19 16:00:00,, Vancouver Riptide,25, San Diego Growlers,23
1,2016-06-19 14:00:00,, Atlanta Hustle,21, Dallas Legion,31
2,2016-06-18 22:30:00,, Vancouver Riptide,24, LA Aviators,31
3,2016-06-18 22:00:00,, San Francisco FlameThrowers,25, San Jose Spiders,24
4,2016-06-18 20:00:00,, Atlanta Hustle,31, Austin Sol,29
5,2016-06-18 19:30:00,, Chicago Union,28, Cincinnati Revolution,27
6,2016-06-18 19:00:00,, Charlotte Express,19, Jacksonville Cannons,21
7,2016-06-18 18:30:00,, DC Breeze,34, Philadelphia Phoenix,18
8,2016-06-17 20:00:00,, Madison Radicals,25, Minnesota Wind Chill,16
9,2016-06-12 14:00:00,, Philadelphia Phoenix,13, Ottawa Outlaws,25
0,2012-07-15 20:00:00,, Columbus Cranes,25, Indianapolis AlleyCats,20
1,2012-07-15 20:00:00,, Philadelphia Spinners,27, Cincinnati Revolution,17
2,2012-07-14 20:00:00,, Philadelphia Spinners,19, Indianapolis AlleyCats,16
3,2012-07-14 20:00:00,, Rochester Dragons,21, Rhode Island Rampage,27
4,2012-07-08 20:00:00,, Philadelphia Spinners,35, Rochester Dragons,13
5,2012-07-08 20:00:00,, Columbus Cranes,26, Detroit Mechanix,27
6,2012-07-07 20:00:00,, Rochester Dragons,10, Columbus Cranes,0
7,2012-07-01 20:00:00,, Rhode Island Rampage,15, Rochester Dragons,24
8,2012-06-30 20:00:00,, Detroit Mechanix,23, Philadelphia Spinners,22
9,2012-06-30 20:00:00,, Columbus Cranes,0, Cincinnati Revolution,10
0,2016-06-12 16:00:00,, LA Aviators,27, San Francisco FlameThrowers,22
1,2016-06-11 22:00:00,, LA Aviators,25, San Jose Spiders,27
2,2016-06-11 21:00:00,, Seattle Cascades,24, Vancouver Riptide,27
3,2016-06-11 19:00:00,, Ottawa Outlaws,20, Montreal Royal,21
4,2016-06-11 19:00:00,, Philadelphia Phoenix,6, Toronto Rush,28
5,2016-06-11 19:00:00,, Dallas Legion,27, Jacksonville Cannons,21
6,2016-06-11 19:00:00,, Raleigh Flyers,29, Charlotte Express,21
7,2016-06-11 19:00:00,, Chicago Union,22, Pittsburgh Thunderbirds,26
8,2016-06-11 19:00:00,, Detroit Mechanix,19, Madison Radicals,37
9,2016-06-11 18:30:00,, New York Empire,26, DC Breeze,27
0,2019-04-13 21:45:00,Mission Bay, San Jose Spiders,24, San Diego Growlers,25
1,2019-04-13 19:00:00,Rudolph Gamblin Field, Dallas Legion,17, Austin Sol,19
2,2019-04-13 18:00:00,Joseph F. Fosina Field, DC Breeze,18, New York Empire,21
3,2019-04-12 22:30:00,Jerry Chabola Stadium, San Jose Spiders,18, LA Aviators,22
4,2019-04-06 21:45:00,Mission Bay, LA Aviators,18, San Diego Growlers,20
5,2019-04-06 21:30:00,Seattle Memorial Stadium, San Jose Spiders,28, Seattle Cascades,27
6,2019-04-06 19:05:00,Skyway Field, Atlanta Hustle,17, Tampa Bay Cannons,18
7,2019-04-06 19:00:00,House Park, Raleigh Flyers,22, Austin Sol,18
8,2019-04-05 20:30:00,John Paul II High School, Raleigh Flyers,17, Dallas Legion,19
9,2018-08-12 01:00:00,Breese Stevens Field, Dallas Legion,16, Madison Radicals,20
0,2018-04-28 21:30:00,Laney College Football Field, San Diego Growlers,25, San Francisco FlameThrowers,21
1,2018-04-28 20:30:00,Benedetti-Wehrli Stadium, Indianapolis AlleyCats,25, Chicago Union,21
2,2018-04-28 20:00:00,Five Star Complex, Raleigh Flyers,24, Dallas Legion,20
3,2018-04-28 19:00:00,, Nashville Nightwatch,13, Tampa Bay Cannons,25
4,2018-04-28 19:00:00,Breese Stevens Field, Pittsburgh Thunderbirds,13, Madison Radicals,29
5,2018-04-28 18:30:00,A.A. Garthwaite Stadium, DC Breeze,18, Philadelphia Phoenix,18
6,2018-04-28 14:30:00,MNP Park Stadium, Montreal Royal,35, Ottawa Outlaws,33
7,2018-04-27 22:30:00,Foothill College Stadium, San Diego Growlers,17, San Jose Spiders,18
8,2018-04-27 20:00:00,Rudolph Gamblin Field, Raleigh Flyers,23, Austin Sol,25
9,2018-04-22 16:30:00,Jack Kemp Stadium, San Jose Spiders,16, LA Aviators,25
0,2017-05-27 19:00:00,, Jacksonville Cannons,23, Atlanta Hustle,20
1,2017-05-27 19:00:00,, Chicago Union,20, Madison Radicals,21
2,2017-05-27 17:00:00,, Philadelphia Phoenix,18, Toronto Rush,31
3,2017-05-27 16:00:00,, Pittsburgh Thunderbirds,23, Detroit Mechanix,21
4,2017-05-27 13:00:00,, DC Breeze,28, New York Empire,25
5,2017-05-21 19:00:00,, Detroit Mechanix,12, Chicago Union,22
6,2017-05-21 16:00:00,, Montreal Royal,19, New York Empire,16
7,2017-05-21 16:00:00,, Vancouver Riptide,20, San Francisco FlameThrowers,33
8,2017-05-21 14:00:00,, Atlanta Hustle,18, Dallas Legion,26
9,2017-05-20 19:00:00,, Raleigh Flyers,21, Jacksonville Cannons,20
0,2012-06-30 20:00:00,, Rochester Dragons,21, Connecticut Constitution,19
1,2012-06-24 20:00:00,, Columbus Cranes,20, Indianapolis AlleyCats,22
2,2012-06-24 20:00:00,, Connecticut Constitution,20, Philadelphia Spinners,24
3,2012-06-24 20:00:00,, Detroit Mechanix,25, Cincinnati Revolution,27
4,2012-06-23 20:00:00,, Connecticut Constitution,12, Rhode Island Rampage,11
5,2012-06-23 20:00:00,, Indianapolis AlleyCats,13, Cincinnati Revolution,17
6,2012-06-23 20:00:00,, Detroit Mechanix,25, Columbus Cranes,30
7,2012-06-23 20:00:00,, Philadelphia Spinners,29, Rochester Dragons,18
8,2012-06-17 20:00:00,, Indianapolis AlleyCats,21, Detroit Mechanix,23
9,2012-06-16 20:00:00,, Cincinnati Revolution,20, Columbus Cranes,23
0,2018-08-11 20:00:00,Breese Stevens Field, LA Aviators,19, Madison Radicals,24
1,2018-08-11 17:00:00,Breese Stevens Field, New York Empire,30, Dallas Legion,32
2,2018-07-28 20:00:00,, Raleigh Flyers,19, Dallas Legion,20
3,2018-07-28 19:00:00,Breese Stevens Field, Indianapolis AlleyCats,18, Madison Radicals,27
4,2018-07-28 18:30:00,, New York Empire,18, Toronto Rush,17
5,2018-07-27 20:00:00,, Raleigh Flyers,26, Austin Sol,23
6,2018-07-21 22:00:00,, San Diego Growlers,22, LA Aviators,26
7,2018-07-21 19:00:00,, Minnesota Wind Chill,19, Indianapolis AlleyCats,20
8,2018-07-21 19:00:00,, New York Empire,19, DC Breeze,15
9,2018-07-15 17:00:00,St Pius HS Field, Nashville Nightwatch,26, Atlanta Hustle,30
0,2018-04-22 14:00:00,Five Star Complex, Austin Sol,21, Dallas Legion,23
1,2018-04-22 13:00:00,Cardinal Stadium, Ottawa Outlaws,19, DC Breeze,26
2,2018-04-21 22:00:00,Balboa Stadium, Seattle Cascades,25, San Diego Growlers,26
3,2018-04-21 21:30:00,Laney College Football Field, Toronto Rush,28, San Francisco FlameThrowers,18
4,2018-04-21 20:00:00,Vanderbilt Natchez Field, Raleigh Flyers,31, Nashville Nightwatch,26
5,2018-04-21 19:30:00,Roncalli Stadium, Pittsburgh Thunderbirds,18, Indianapolis AlleyCats,27
6,2018-04-21 19:00:00,Joseph F. Fosina Field, Ottawa Outlaws,16, New York Empire,28
7,2018-04-21 19:00:00,Sea Foam Stadium, Chicago Union,23, Minnesota Wind Chill,24
8,2018-04-21 18:30:00,, Montreal Royal,21, Philadelphia Phoenix,26
9,2018-04-21 18:30:00,St Pius HS Field, Tampa Bay Cannons,18, Atlanta Hustle,19
0,2017-05-20 22:00:00,, Vancouver Riptide,18, San Jose Spiders,19
1,2017-05-20 19:00:00,, Pittsburgh Thunderbirds,25, Madison Radicals,31
2,2017-05-20 19:00:00,, Atlanta Hustle,28, Austin Sol,27
3,2017-05-20 18:30:00,, Montreal Royal,20, DC Breeze,23
4,2017-05-20 18:30:00,, Detroit Mechanix,17, Minnesota Wind Chill,26
5,2017-05-14 13:00:00,, Philadelphia Phoenix,26, Montreal Royal,25
6,2017-05-14 13:00:00,, Minnesota Wind Chill,22, Detroit Mechanix,19
7,2017-05-13 22:00:00,, LA Aviators,22, San Jose Spiders,28
8,2017-05-13 19:30:00,, Madison Radicals,23, Indianapolis AlleyCats,20
9,2017-05-13 19:00:00,, Nashville Nightwatch,19, Atlanta Hustle,31
0,2016-06-11 19:00:00,, Atlanta Hustle,34, Nashville Nightwatch,24
1,2016-06-10 20:00:00,, Detroit Mechanix,28, Minnesota Wind Chill,31
2,2016-06-05 18:00:00,, San Francisco FlameThrowers,25, Seattle Cascades,28
3,2016-06-05 16:00:00,, San Jose Spiders,26, San Diego Growlers,22
4,2016-06-05 15:00:00,, Toronto Rush,27, New York Empire,21
5,2016-06-05 14:00:00,, Detroit Mechanix,17, Chicago Union,15
6,2016-06-05 13:30:00,, Charlotte Express,14, Austin Sol,31
7,2016-06-04 22:30:00,, San Jose Spiders,24, LA Aviators,27
8,2016-06-04 20:00:00,, Charlotte Express,18, Dallas Legion,28
9,2016-06-04 19:00:00,, Montreal Royal,27, Ottawa Outlaws,30
0,2012-06-16 20:00:00,, Philadelphia Spinners,29, Connecticut Constitution,19
1,2012-06-16 20:00:00,, Indianapolis AlleyCats,26, Rochester Dragons,21
2,2012-06-09 20:00:00,, Rhode Island Rampage,18, Connecticut Constitution,24
3,2012-06-09 20:00:00,, Rochester Dragons,16, Philadelphia Spinners,33
4,2012-06-02 20:00:00,, Connecticut Constitution,17, Rochester Dragons,13
5,2012-06-02 20:00:00,, Columbus Cranes,21, Detroit Mechanix,24
6,2012-06-02 20:00:00,, Cincinnati Revolution,18, Indianapolis AlleyCats,20
7,2012-05-27 20:00:00,, Columbus Cranes,20, Philadelphia Spinners,23
8,2012-05-27 20:00:00,, Cincinnati Revolution,25, Rochester Dragons,24
9,2012-05-26 20:00:00,, Indianapolis AlleyCats,28, Detroit Mechanix,21
0,2018-07-15 14:00:00,, New York Empire,30, Philadelphia Phoenix,22
1,2018-07-15 14:00:00,Benedetti-Wehrli Stadium, Minnesota Wind Chill,23, Chicago Union,20
2,2018-07-15 13:00:00,Complexe Sportif Claude-Robillard, Ottawa Outlaws,32, Montreal Royal,25
3,2018-07-14 22:15:00,, LA Aviators,21, San Diego Growlers,34
4,2018-07-14 21:30:00,Laney College Football Field, Seattle Cascades,31, San Francisco FlameThrowers,20
5,2018-07-14 19:00:00,, Nashville Nightwatch,23, Tampa Bay Cannons,24
6,2018-07-14 19:00:00,Grand Park, Minnesota Wind Chill,16, Indianapolis AlleyCats,26
7,2018-07-14 19:00:00,Breese Stevens Field, Chicago Union,24, Madison Radicals,27
8,2018-07-14 18:30:00,Cardinal Stadium, New York Empire,19, DC Breeze,29
9,2018-07-14 18:00:00,Art Rooney Field, Detroit Mechanix,10, Pittsburgh Thunderbirds,32
0,2018-04-21 17:00:00,Grand Rapids Christian HS, Madison Radicals,27, Detroit Mechanix,12
1,2018-04-15 14:00:00,Five Star Complex, LA Aviators,17, Dallas Legion,20
2,2018-04-15 14:00:00,, Atlanta Hustle,18, Nashville Nightwatch,17
3,2018-04-15 13:00:00,A.A. Garthwaite Stadium, Toronto Rush,19, Philadelphia Phoenix,18
4,2018-04-14 22:00:00,Foothill College Stadium, San Francisco FlameThrowers,28, San Jose Spiders,27
5,2018-04-14 22:00:00,Seattle Memorial Stadium, San Diego Growlers,22, Seattle Cascades,16
6,2018-04-14 20:00:00,House Park, LA Aviators,22, Austin Sol,23
7,2018-04-14 19:00:00,Joseph F. Fosina Field, Toronto Rush,18, New York Empire,14
8,2018-04-14 19:00:00,, Raleigh Flyers,20, Tampa Bay Cannons,17
9,2018-04-14 18:00:00,Art Rooney Field, Chicago Union,20, Pittsburgh Thunderbirds,15
0,2017-05-13 21:00:00,, San Diego Growlers,26, Vancouver Riptide,27
1,2017-05-13 21:00:00,, Seattle Cascades,28, San Francisco FlameThrowers,27
2,2017-05-13 19:00:00,, Minnesota Wind Chill,20, Chicago Union,17
3,2017-05-13 19:00:00,, Nashville Nightwatch,19, Atlanta Hustle,31
4,2017-05-13 18:00:00,, Philadelphia Phoenix,21, Ottawa Outlaws,25
5,2017-05-13 17:00:00,, DC Breeze,20, Toronto Rush,26
6,2017-05-12 19:30:00,, Dallas Legion,22, Jacksonville Cannons,24
7,2017-05-07 16:30:00,, Vancouver Riptide,18, LA Aviators,23
8,2017-05-07 13:00:00,, Toronto Rush,24, Montreal Royal,17
9,2017-05-07 13:00:00,, Nashville Nightwatch,11, Austin Sol,31
0,2016-06-04 21:00:00,, San Francisco FlameThrowers,27, Vancouver Riptide,29
1,2016-06-04 19:00:00,, Pittsburgh Thunderbirds,16, Madison Radicals,23
2,2016-06-04 18:30:00,, Toronto Rush,23, DC Breeze,28
3,2016-06-04 18:30:00,, New York Empire,32, Philadelphia Phoenix,17
4,2016-05-29 16:00:00,, Vancouver Riptide,17, San Jose Spiders,27
5,2016-05-29 15:00:00,, Dallas Legion,34, Nashville Nightwatch,23
6,2016-05-29 14:00:00,, Montreal Royal,14, Toronto Rush,26
7,2016-05-29 14:00:00,, DC Breeze,22, Ottawa Outlaws,27
8,2016-05-29 13:00:00,, Jacksonville Cannons,23, Charlotte Express,26
9,2016-05-28 20:00:00,, Jacksonville Cannons,24, Raleigh Flyers,25
0,2012-05-26 20:00:00,, Columbus Cranes,21, Connecticut Constitution,28
1,2012-05-26 20:00:00,, Cincinnati Revolution,20, Rhode Island Rampage,21
2,2012-05-20 20:00:00,, Indianapolis AlleyCats,19, Cincinnati Revolution,18
3,2012-05-20 20:00:00,, Rhode Island Rampage,23, Rochester Dragons,21
4,2012-05-19 20:00:00,, Rhode Island Rampage,20, Connecticut Constitution,22
5,2012-05-19 20:00:00,, Detroit Mechanix,18, Indianapolis AlleyCats,20
6,2012-05-12 20:00:00,, Indianapolis AlleyCats,29, Columbus Cranes,37
7,2012-05-12 20:00:00,, Rhode Island Rampage,18, Philadelphia Spinners,24
8,2012-05-12 20:00:00,, Rochester Dragons,15, Connecticut Constitution,30
9,2012-05-12 20:00:00,, Cincinnati Revolution,19, Detroit Mechanix,21
0,2021-07-17 21:00:00,LA Southwest College, Austin Sol,21, LA Aviators,20
1,2021-07-17 19:00:00,Breese Stevens Field, Indianapolis AlleyCats,16, Madison Radicals,17
2,2021-07-17 19:00:00,Sea Foam Stadium, Detroit Mechanix,12, Minnesota Wind Chill,25
3,2021-07-17 13:30:00,JC Stone Field, Raleigh Flyers,27, Pittsburgh Thunderbirds,16
4,2021-07-16 22:30:00,Seattle Memorial Stadium, Dallas Legion,18, Seattle Cascades,22
5,2021-07-16 19:30:00,South Philadelphia Super Site, Atlanta Hustle,20, Philadelphia Phoenix,15
6,2021-07-11 15:00:00,Langhorst Field, Minnesota Wind Chill,20, Chicago Union,18
7,2021-07-10 20:30:00,John Paul II High School, Austin Sol,20, Dallas Legion,21
8,2021-07-10 19:00:00,Hormel Stadium, Philadelphia Phoenix,23, Boston Glory,22
9,2021-07-10 19:00:00,Grand Park, Minnesota Wind Chill,25, Indianapolis AlleyCats,18
0,2018-07-13 22:30:00,Foothill College Stadium, Seattle Cascades,24, San Jose Spiders,27
1,2018-07-08 14:00:00,MNP Park Stadium, Toronto Rush,26, Ottawa Outlaws,13
2,2018-07-08 14:00:00,Round Rock, Tampa Bay Cannons,7, Austin Sol,6
3,2018-07-07 20:00:00,Five Star Complex, Tampa Bay Cannons,16, Dallas Legion,21
4,2018-07-07 19:00:00,Joseph F. Fosina Field, Philadelphia Phoenix,23, New York Empire,27
5,2018-07-07 19:00:00,Cardinal Gibbons HS, Atlanta Hustle,25, Raleigh Flyers,26
6,2018-07-07 19:00:00,Benedetti-Wehrli Stadium, Indianapolis AlleyCats,25, Chicago Union,18
7,2018-07-07 18:30:00,Monarch Park Stadium, Montreal Royal,24, Toronto Rush,28
8,2018-07-03 20:00:00,Breese Stevens Field, Minnesota Wind Chill,24, Madison Radicals,35
9,2018-07-01 16:30:00,Seattle Memorial Stadium, San Jose Spiders,24, Seattle Cascades,25
0,2018-04-07 21:30:00,Laney College Football Field, San Jose Spiders,21, San Francisco FlameThrowers,20
1,2018-04-07 21:00:00,Seattle Memorial Stadium, Minnesota Wind Chill,28, Seattle Cascades,29
2,2018-04-07 21:00:00,Jerry Chabola Stadium, San Diego Growlers,17, LA Aviators,30
3,2018-04-07 19:30:00,Roncalli Stadium, Madison Radicals,20, Indianapolis AlleyCats,13
4,2018-04-07 19:00:00,Cardinal Gibbons HS, Dallas Legion,17, Raleigh Flyers,14
5,2018-04-07 19:00:00,John M. Sexton Field, Atlanta Hustle,17, Tampa Bay Cannons,15
6,2018-04-07 18:30:00,Cardinal Stadium, Montreal Royal,24, DC Breeze,22
7,2018-04-07 18:00:00,Art Rooney Field, Detroit Mechanix,16, Pittsburgh Thunderbirds,17
8,2018-03-31 19:00:00,Cardinal Gibbons HS, Tampa Bay Cannons,22, Raleigh Flyers,27
9,2018-03-31 16:00:00,Bishop Foley Stadium, Indianapolis AlleyCats,24, Detroit Mechanix,12
0,2021-06-12 19:00:00,Langhorst Field, Minnesota Wind Chill,18, Chicago Union,23
1,2021-06-12 18:00:00,Durham County Stadium, DC Breeze,25, Raleigh Flyers,24
2,2021-06-11 20:00:00,Hormel Stadium, Atlanta Hustle,21, Boston Glory,19
3,2021-06-05 21:00:00,LA Southwest College, San Diego Growlers,19, LA Aviators,16
4,2021-06-05 20:00:00,Seattle Memorial Stadium, San Jose Spiders,21, Seattle Cascades,24
5,2021-06-05 19:00:00,St Pius HS Field, Raleigh Flyers,18, Atlanta Hustle,19
6,2021-06-05 19:00:00,Langhorst Field, Indianapolis AlleyCats,12, Chicago Union,20
7,2021-06-05 18:00:00,JC Stone Field, Boston Glory,29, Pittsburgh Thunderbirds,21
8,2021-06-05 18:00:00,Grand Rapids Christian HS, Madison Radicals,34, Detroit Mechanix,10
9,2021-06-05 18:00:00,"Carlini Field, Catholic U", Tampa Bay Cannons,10, DC Breeze,24
0,2017-05-06 21:30:00,, Vancouver Riptide,14, San Diego Growlers,22
1,2017-05-06 21:00:00,, Pittsburgh Thunderbirds,24, Seattle Cascades,26
2,2017-05-06 20:00:00,, Nashville Nightwatch,23, Dallas Legion,32
3,2017-05-06 19:00:00,, Chicago Union,16, Madison Radicals,18
4,2017-05-06 18:30:00,, New York Empire,21, DC Breeze,22
5,2017-05-06 18:30:00,, Indianapolis AlleyCats,25, Minnesota Wind Chill,28
6,2017-05-06 16:00:00,, Toronto Rush,24, Ottawa Outlaws,21
7,2017-04-30 19:00:00,, Ottawa Outlaws,29, Philadelphia Phoenix,26
8,2017-04-30 16:00:00,, Dallas Legion,29, Atlanta Hustle,24
9,2017-04-30 16:00:00,, San Francisco FlameThrowers,21, San Diego Growlers,20
0,2016-05-28 21:00:00,, LA Aviators,26, Seattle Cascades,27
1,2016-05-28 21:00:00,, Vancouver Riptide,27, San Francisco FlameThrowers,30
2,2016-05-28 20:00:00,, Indianapolis AlleyCats,17, Chicago Union,19
3,2016-05-28 19:00:00,, Dallas Legion,26, Atlanta Hustle,20
4,2016-05-28 18:00:00,, Cincinnati Revolution,19, Detroit Mechanix,23
5,2016-05-28 16:00:00,, DC Breeze,22, Montreal Royal,27
6,2016-05-28 16:00:00,, Toronto Rush,35, Ottawa Outlaws,20
7,2016-05-27 20:00:00,, Indianapolis AlleyCats,28, Cincinnati Revolution,24
8,2016-05-27 20:00:00,, Minnesota Wind Chill,15, Madison Radicals,36
9,2016-05-22 13:30:00,, Montreal Royal,14, DC Breeze,28
0,2012-05-06 20:00:00,, Detroit Mechanix,20, Columbus Cranes,26
1,2012-05-05 20:00:00,, Detroit Mechanix,13, Indianapolis AlleyCats,22
2,2012-05-05 20:00:00,, Rochester Dragons,19, Rhode Island Rampage,20
3,2012-05-05 20:00:00,, Philadelphia Spinners,23, Connecticut Constitution,29
4,2012-04-29 20:00:00,, Rochester Dragons,22, Detroit Mechanix,26
5,2012-04-28 20:00:00,, Philadelphia Spinners,30, Rhode Island Rampage,22
6,2012-04-28 20:00:00,, Columbus Cranes,8, Cincinnati Revolution,12
7,2012-04-22 20:00:00,, Rhode Island Rampage,26, Detroit Mechanix,24
8,2012-04-21 20:00:00,, Connecticut Constitution,16, Philadelphia Spinners,22
9,2012-04-21 20:00:00,, Rhode Island Rampage,22, Columbus Cranes,19
0,2017-04-30 16:00:00,, San Francisco FlameThrowers,21, San Diego Growlers,20
1,2017-04-29 22:00:00,, San Francisco FlameThrowers,26, LA Aviators,22
2,2017-04-29 21:00:00,, San Jose Spiders,28, Vancouver Riptide,22
3,2017-04-29 19:00:00,, Austin Sol,23, Raleigh Flyers,28
4,2017-04-29 19:00:00,, Indianapolis AlleyCats,25, Pittsburgh Thunderbirds,26
5,2017-04-29 19:00:00,, Dallas Legion,27, Nashville Nightwatch,8
6,2017-04-29 19:00:00,, Madison Radicals,20, Minnesota Wind Chill,22
7,2017-04-29 18:30:00,, Ottawa Outlaws,24, DC Breeze,29
8,2017-04-29 16:30:00,, Philadelphia Phoenix,13, New York Empire,18
9,2017-04-29 16:00:00,, Montreal Royal,22, Toronto Rush,19
0,2018-07-01 16:30:00,Seattle Memorial Stadium, San Jose Spiders,24, Seattle Cascades,25
1,2018-07-01 13:00:00,Complexe Sportif Claude-Robillard, New York Empire,26, Montreal Royal,18
2,2018-06-30 21:30:00,Mission Bay, San Francisco FlameThrowers,22, San Diego Growlers,27
3,2018-06-30 20:00:00,Five Star Complex, Austin Sol,25, Dallas Legion,29
4,2018-06-30 19:00:00,Cardinal Gibbons HS, Nashville Nightwatch,20, Raleigh Flyers,33
5,2018-06-30 19:00:00,, Atlanta Hustle,16, Tampa Bay Cannons,19
6,2018-06-30 19:00:00,National Sports Center Stadium, Chicago Union,23, Minnesota Wind Chill,25
7,2018-06-30 19:00:00,Breese Stevens Field, Indianapolis AlleyCats,17, Madison Radicals,26
8,2018-06-30 18:30:00,Cardinal Stadium, Philadelphia Phoenix,15, DC Breeze,25
9,2018-06-30 18:00:00,MNP Park Stadium, New York Empire,29, Ottawa Outlaws,23
0,2016-05-22 14:00:00,, Nashville Nightwatch,15, Dallas Legion,33
1,2016-05-22 14:00:00,, Pittsburgh Thunderbirds,27, Minnesota Wind Chill,24
2,2016-05-21 21:15:00,, LA Aviators,26, San Diego Growlers,18
3,2016-05-21 21:00:00,, San Jose Spiders,20, Vancouver Riptide,22
4,2016-05-21 20:00:00,, Pittsburgh Thunderbirds,24, Chicago Union,23
5,2016-05-21 19:30:00,, Montreal Royal,21, Philadelphia Phoenix,18
6,2016-05-21 19:30:00,, Nashville Nightwatch,25, Austin Sol,37
7,2016-05-21 19:00:00,, Raleigh Flyers,23, Charlotte Express,14
8,2016-05-21 19:00:00,, Atlanta Hustle,24, Jacksonville Cannons,29
9,2016-05-21 19:00:00,, Cincinnati Revolution,23, Madison Radicals,36
0,2017-08-27 13:00:00,, San Francisco FlameThrowers,30, Toronto Rush,29
1,2017-08-26 19:00:00,, Toronto Rush,24, Dallas Legion,21
2,2017-08-26 16:00:00,, San Francisco FlameThrowers,23, Madison Radicals,19
3,2017-08-13 17:00:00,, LA Aviators,22, San Francisco FlameThrowers,33
4,2017-08-13 13:00:00,, DC Breeze,26, Toronto Rush,29
5,2017-08-12 22:00:00,, San Jose Spiders,24, LA Aviators,33
6,2017-08-12 19:00:00,, Pittsburgh Thunderbirds,22, Madison Radicals,27
7,2017-08-12 13:00:00,, Dallas Legion,27, Raleigh Flyers,24
8,2017-08-11 19:00:00,, Montreal Royal,16, DC Breeze,28
9,2017-08-04 20:30:00,, Pittsburgh Thunderbirds,26, Minnesota Wind Chill,25
0,2012-04-21 20:00:00,, Cincinnati Revolution,20, Indianapolis AlleyCats,18
1,2012-04-14 20:00:00,, Detroit Mechanix,17, Cincinnati Revolution,19
2,2012-04-14 20:00:00,, Rochester Dragons,14, Philadelphia Spinners,26
3,2012-04-14 20:00:00,, Connecticut Constitution,29, Rhode Island Rampage,23
4,2012-04-14 20:00:00,, Indianapolis AlleyCats,21, Columbus Cranes,22
0,2018-06-30 00:00:00,Venture Park, Pittsburgh Thunderbirds,20, Detroit Mechanix,19
1,2018-06-24 16:00:00,Laney College Football Field, LA Aviators,25, San Francisco FlameThrowers,24
2,2018-06-24 14:00:00,MNP Park Stadium, DC Breeze,30, Ottawa Outlaws,29
3,2018-06-24 14:00:00,Five Star Complex, Nashville Nightwatch,16, Dallas Legion,28
4,2018-06-24 13:00:00,A.A. Garthwaite Stadium, Montreal Royal,19, Philadelphia Phoenix,27
5,2018-06-24 00:00:00,, Chicago Union,31, Detroit Mechanix,27
6,2018-06-23 22:00:00,Foothill College Stadium, LA Aviators,27, San Jose Spiders,18
7,2018-06-23 22:00:00,Seattle Memorial Stadium, San Diego Growlers,23, Seattle Cascades,22
8,2018-06-23 20:00:00,House Park, Nashville Nightwatch,23, Austin Sol,24
9,2018-06-23 19:00:00,Joseph F. Fosina Field, Montreal Royal,23, New York Empire,22
0,2017-07-29 20:00:00,, Jacksonville Cannons,12, Dallas Legion,22
1,2017-07-23 21:00:00,, San Francisco FlameThrowers,26, Vancouver Riptide,18
2,2017-07-23 14:00:00,, New York Empire,14, Toronto Rush,20
3,2017-07-23 13:00:00,, Ottawa Outlaws,22, Montreal Royal,31
4,2017-07-23 13:00:00,, Indianapolis AlleyCats,21, Madison Radicals,22
5,2017-07-22 22:00:00,, San Jose Spiders,23, LA Aviators,24
6,2017-07-22 20:00:00,, Pittsburgh Thunderbirds,13, Minnesota Wind Chill,19
7,2017-07-22 19:00:00,, Indianapolis AlleyCats,26, Chicago Union,19
8,2017-07-22 19:00:00,, DC Breeze,23, Philadelphia Phoenix,20
9,2017-07-22 18:00:00,, New York Empire,29, Ottawa Outlaws,25
0,2017-04-29 16:00:00,, Montreal Royal,22, Toronto Rush,19
1,2017-04-28 22:00:00,, San Jose Spiders,27, Seattle Cascades,26
2,2017-04-23 13:00:00,, Montreal Royal,8, New York Empire,21
3,2017-04-23 13:00:00,, Jacksonville Cannons,14, Nashville Nightwatch,11
4,2017-04-22 21:00:00,, San Diego Growlers,19, San Francisco FlameThrowers,28
5,2017-04-22 20:00:00,, Dallas Legion,30, Austin Sol,24
6,2017-04-22 19:00:00,, Jacksonville Cannons,27, Atlanta Hustle,25
7,2017-04-22 19:00:00,, Chicago Union,22, Pittsburgh Thunderbirds,30
8,2017-04-22 19:00:00,, DC Breeze,21, Raleigh Flyers,23
9,2017-04-22 18:30:00,, Montreal Royal,24, Philadelphia Phoenix,23
0,2016-05-21 16:00:00,, DC Breeze,15, New York Empire,14
1,2016-05-21 16:00:00,, Ottawa Outlaws,24, Toronto Rush,30
2,2016-05-21 15:45:00,, Detroit Mechanix,24, Indianapolis AlleyCats,29
3,2016-05-20 22:00:00,, San Jose Spiders,17, Seattle Cascades,27
4,2016-05-15 14:30:00,, Austin Sol,23, Atlanta Hustle,22
5,2016-05-15 12:00:00,, New York Empire,17, Montreal Royal,12
6,2016-05-14 20:00:00,, Chicago Union,23, Minnesota Wind Chill,26
7,2016-05-14 19:30:00,, Pittsburgh Thunderbirds,23, Indianapolis AlleyCats,31
8,2016-05-14 19:00:00,, New York Empire,14, Toronto Rush,22
9,2016-05-14 19:00:00,, Raleigh Flyers,24, Jacksonville Cannons,25
0,2018-06-23 19:00:00,Joseph F. Fosina Field, Montreal Royal,23, New York Empire,22
1,2018-06-23 19:00:00,National Sports Center Stadium, Pittsburgh Thunderbirds,29, Minnesota Wind Chill,28
2,2018-06-23 18:30:00,Monarch Park Stadium, DC Breeze,21, Toronto Rush,28
3,2018-06-23 18:30:00,St Pius HS Field, Raleigh Flyers,20, Atlanta Hustle,30
4,2018-06-17 17:00:00,Grand Park, Madison Radicals,20, Indianapolis AlleyCats,21
5,2018-06-17 16:00:00,Mission Bay, Seattle Cascades,27, San Diego Growlers,25
6,2018-06-17 14:00:00,Benedetti-Wehrli Stadium, Detroit Mechanix,12, Chicago Union,34
7,2018-06-17 13:00:00,John M. Sexton Field, Dallas Legion,28, Tampa Bay Cannons,25
8,2018-06-17 13:00:00,Monarch Park Stadium, New York Empire,18, Toronto Rush,25
9,2018-06-16 19:00:00,Cardinal Gibbons HS, Nashville Nightwatch,15, Raleigh Flyers,27
0,2017-07-22 21:00:00,, San Francisco FlameThrowers,30, Seattle Cascades,24
1,2017-07-21 22:00:00,, San Jose Spiders,22, San Diego Growlers,23
2,2017-07-16 14:00:00,, Toronto Rush,30, Ottawa Outlaws,25
3,2017-07-15 22:00:00,, San Diego Growlers,22, LA Aviators,18
4,2017-07-15 21:00:00,, Seattle Cascades,26, San Francisco FlameThrowers,31
5,2017-07-15 20:00:00,, Dallas Legion,27, Austin Sol,23
6,2017-07-15 19:00:00,, Nashville Nightwatch,24, Jacksonville Cannons,33
7,2017-07-15 19:00:00,, Detroit Mechanix,24, Pittsburgh Thunderbirds,28
8,2017-07-15 19:00:00,, New York Empire,23, Philadelphia Phoenix,30
9,2017-07-14 20:00:00,, Nashville Nightwatch,22, Atlanta Hustle,27
0,2017-04-22 21:00:00,, Seattle Cascades,27, Vancouver Riptide,24
1,2017-04-22 21:00:00,, San Diego Growlers,19, San Francisco FlameThrowers,28
2,2017-04-21 22:30:00,, San Diego Growlers,25, San Jose Spiders,30
3,2017-04-15 19:00:00,, Raleigh Flyers,25, Jacksonville Cannons,18
4,2017-04-15 19:00:00,, Atlanta Hustle,37, Nashville Nightwatch,27
5,2017-04-09 16:30:00,, Vancouver Riptide,18, LA Aviators,21
6,2017-04-09 14:00:00,, Toronto Rush,21, DC Breeze,32
7,2017-04-09 14:00:00,, Raleigh Flyers,18, Dallas Legion,33
8,2017-04-08 20:00:00,, Raleigh Flyers,26, Austin Sol,19
9,2017-04-08 19:30:00,, Detroit Mechanix,15, Indianapolis AlleyCats,25
0,2016-05-14 22:00:00,, Seattle Cascades,27, San Jose Spiders,26
1,2016-05-14 21:00:00,, San Francisco FlameThrowers,22, Vancouver Riptide,18
2,2016-05-14 19:00:00,, Austin Sol,29, Nashville Nightwatch,22
3,2016-05-14 18:30:00,, DC Breeze,24, Philadelphia Phoenix,15
4,2016-05-14 18:00:00,, Madison Radicals,26, Detroit Mechanix,13
5,2016-05-13 20:00:00,, Chicago Union,11, Madison Radicals,18
6,2016-05-07 20:00:00,, Austin Sol,16, Dallas Legion,24
7,2016-05-07 20:00:00,, Indianapolis AlleyCats,23, Minnesota Wind Chill,24
8,2016-05-07 19:00:00,, Cincinnati Revolution,14, Pittsburgh Thunderbirds,31
9,2016-05-07 19:00:00,, Raleigh Flyers,23, Atlanta Hustle,25
0,2016-05-07 21:00:00,, San Diego Growlers,19, Vancouver Riptide,27
1,2016-05-07 19:00:00,, Charlotte Express,26, Nashville Nightwatch,24
2,2016-05-07 18:30:00,, New York Empire,22, DC Breeze,23
3,2016-05-07 18:00:00,, Toronto Rush,27, Montreal Royal,31
4,2016-05-07 13:00:00,, Chicago Union,18, Detroit Mechanix,13
5,2016-05-06 22:30:00,, San Jose Spiders,25, San Francisco FlameThrowers,32
6,2016-05-06 22:00:00,, San Diego Growlers,19, Seattle Cascades,23
7,2016-05-06 19:00:00,, Montreal Royal,24, Ottawa Outlaws,31
8,2016-05-01 15:00:00,, Minnesota Wind Chill,32, Cincinnati Revolution,26
9,2016-05-01 14:00:00,, Ottawa Outlaws,15, Toronto Rush,32
0,2017-04-08 22:00:00,, San Francisco FlameThrowers,22, San Jose Spiders,24
1,2017-04-08 16:30:00,, Toronto Rush,22, New York Empire,17
2,2017-04-02 16:30:00,, Madison Radicals,24, Indianapolis AlleyCats,19
3,2017-04-01 22:00:00,, Vancouver Riptide,18, Seattle Cascades,29
4,2017-04-01 21:30:00,, LA Aviators,31, San Diego Growlers,26
5,2017-04-01 21:00:00,, San Jose Spiders,29, San Francisco FlameThrowers,34
6,2017-04-01 20:00:00,, Austin Sol,17, Dallas Legion,21
7,2017-04-01 19:00:00,, Nashville Nightwatch,23, Jacksonville Cannons,40
8,2017-04-01 18:30:00,, Atlanta Hustle,19, Raleigh Flyers,27
9,2016-08-07 13:00:00,, Seattle Cascades,27, Dallas Legion,33
0,2018-06-16 21:30:00,Laney College Football Field, San Jose Spiders,17, San Francisco FlameThrowers,21
1,2018-06-16 21:00:00,Jack Kemp Stadium, Seattle Cascades,17, LA Aviators,26
2,2018-06-16 19:00:00,National Sports Center Stadium, Detroit Mechanix,18, Minnesota Wind Chill,37
3,2018-06-16 18:30:00,Monarch Park Stadium, Ottawa Outlaws,17, Toronto Rush,27
4,2018-06-16 18:30:00,St Pius HS Field, Dallas Legion,24, Atlanta Hustle,20
5,2018-06-16 18:00:00,Art Rooney Field, Madison Radicals,25, Pittsburgh Thunderbirds,21
6,2018-06-16 18:00:00,Complexe Sportif Claude-Robillard, New York Empire,22, Montreal Royal,26
7,2018-06-09 22:00:00,Foothill College Stadium, San Diego Growlers,20, San Jose Spiders,21
8,2018-06-09 20:00:00,House Park, Dallas Legion,19, Austin Sol,17
9,2018-06-09 20:00:00,Mercy Sportscore 2, Madison Radicals,22, Chicago Union,21
0,2017-07-14 22:30:00,, Seattle Cascades,21, San Jose Spiders,17
1,2017-07-14 19:30:00,, Minnesota Wind Chill,26, Indianapolis AlleyCats,25
2,2017-07-14 19:00:00,, Madison Radicals,26, Chicago Union,17
3,2017-07-09 19:00:00,, Raleigh Flyers,31, Nashville Nightwatch,26
4,2017-07-09 14:00:00,, Minnesota Wind Chill,22, Pittsburgh Thunderbirds,26
5,2017-07-08 21:30:00,, LA Aviators,26, San Diego Growlers,19
6,2017-07-08 20:00:00,, Jacksonville Cannons,31, Austin Sol,27
7,2017-07-08 19:00:00,, Raleigh Flyers,24, Nashville Nightwatch,14
8,2017-07-08 17:00:00,, Montreal Royal,20, Toronto Rush,28
9,2017-07-08 16:00:00,, Minnesota Wind Chill,31, Detroit Mechanix,17
0,2021-07-10 19:00:00,St Pius HS Field, DC Breeze,19, Atlanta Hustle,14
1,2021-07-10 19:00:00,Breese Stevens Field, Chicago Union,16, Madison Radicals,19
2,2021-07-10 18:00:00,Durham County Stadium, Tampa Bay Cannons,19, Raleigh Flyers,31
3,2021-07-09 20:00:00,John Paul II High School, Austin Sol,17, Dallas Legion,16
4,2021-07-09 19:00:00,Joseph F. Fosina Field, Philadelphia Phoenix,20, New York Empire,27
5,2021-07-03 20:30:00,John Paul II High School, Seattle Cascades,16, Dallas Legion,24
6,2021-07-03 19:00:00,Grand Park, Madison Radicals,26, Indianapolis AlleyCats,22
7,2021-07-03 18:05:00,Campbell Park, Raleigh Flyers,29, Tampa Bay Cannons,15
8,2021-07-03 18:00:00,JC Stone Field, Philadelphia Phoenix,20, Pittsburgh Thunderbirds,23
9,2021-07-02 20:00:00,Langhorst Field, Madison Radicals,15, Chicago Union,18
0,2018-06-09 20:00:00,Vanderbilt Natchez Field, Atlanta Hustle,24, Nashville Nightwatch,21
1,2018-06-09 18:30:00,A.A. Garthwaite Stadium, Pittsburgh Thunderbirds,21, Philadelphia Phoenix,30
2,2018-06-09 18:30:00,Cardinal Stadium, Toronto Rush,24, DC Breeze,25
3,2018-06-08 20:00:00,Breese Stevens Field, Minnesota Wind Chill,17, Madison Radicals,20
4,2018-06-08 19:30:00,Mont Bleu Stadium, Montreal Royal,27, Ottawa Outlaws,26
5,2018-06-03 16:30:00,Jerry Chabola Stadium, San Francisco FlameThrowers,19, LA Aviators,23
6,2018-06-03 13:00:00,St Pius HS Field, Dallas Legion,29, Atlanta Hustle,28
7,2018-06-03 13:00:00,A.A. Garthwaite Stadium, Ottawa Outlaws,21, Philadelphia Phoenix,22
8,2018-06-02 20:00:00,Vanderbilt Natchez Field, Dallas Legion,31, Nashville Nightwatch,21
9,2018-06-02 19:00:00,, Austin Sol,27, Tampa Bay Cannons,26
0,2017-07-07 20:30:00,, Jacksonville Cannons,28, Dallas Legion,27
1,2017-07-02 14:00:00,, Chicago Union,20, Pittsburgh Thunderbirds,21
2,2017-07-02 14:00:00,, New York Empire,21, Ottawa Outlaws,20
3,2017-07-01 19:30:00,, Chicago Union,24, Indianapolis AlleyCats,30
4,2017-07-01 19:00:00,, New York Empire,20, Montreal Royal,29
5,2017-07-01 19:00:00,, Austin Sol,27, Nashville Nightwatch,21
6,2017-07-01 19:00:00,, Minnesota Wind Chill,13, Madison Radicals,21
7,2017-07-01 16:00:00,, Pittsburgh Thunderbirds,22, Detroit Mechanix,14
8,2017-06-30 22:00:00,, Vancouver Riptide,10, Seattle Cascades,31
9,2017-06-25 14:00:00,, Detroit Mechanix,16, Chicago Union,23
0,2016-08-06 20:00:00,, Seattle Cascades,26, Madison Radicals,25
1,2016-08-06 17:00:00,, Toronto Rush,20, Dallas Legion,27
2,2016-07-23 20:00:00,, Atlanta Hustle,21, Dallas Legion,28
3,2016-07-23 19:00:00,, Pittsburgh Thunderbirds,16, Madison Radicals,20
4,2016-07-23 17:00:00,, DC Breeze,21, Toronto Rush,23
5,2016-07-17 22:00:00,, Seattle Cascades,23, San Francisco FlameThrowers,17
6,2016-07-17 20:00:00,, Atlanta Hustle,25, Raleigh Flyers,23
7,2016-07-16 22:00:00,, Seattle Cascades,31, LA Aviators,23
8,2016-07-16 20:00:00,, Minnesota Wind Chill,18, Pittsburgh Thunderbirds,20
9,2016-07-16 19:00:00,, New York Empire,20, DC Breeze,24
0,2016-05-01 16:30:00,, Seattle Cascades,27, LA Aviators,17
1,2016-05-01 13:00:00,, Dallas Legion,30, Charlotte Express,18
2,2016-05-01 13:00:00,, DC Breeze,26, Montreal Royal,18
3,2016-04-30 21:15:00,, Seattle Cascades,25, San Diego Growlers,17
4,2016-04-30 19:30:00,, Minnesota Wind Chill,21, Indianapolis AlleyCats,20
5,2016-04-30 19:00:00,, Madison Radicals,22, Pittsburgh Thunderbirds,18
6,2016-04-30 19:00:00,, Dallas Legion,24, Raleigh Flyers,18
7,2016-04-30 19:00:00,, Atlanta Hustle,18, Jacksonville Cannons,23
8,2016-04-30 16:30:00,, Philadelphia Phoenix,16, New York Empire,28
9,2016-04-30 16:00:00,, DC Breeze,23, Toronto Rush,24
0,2018-06-02 21:30:00,Mission Bay, San Francisco FlameThrowers,25, San Diego Growlers,24
1,2018-06-02 21:00:00,Seattle Memorial Stadium, San Jose Spiders,29, Seattle Cascades,25
2,2018-06-02 20:00:00,Vanderbilt Natchez Field, Dallas Legion,31, Nashville Nightwatch,21
3,2018-06-02 18:00:00,Art Rooney Field, DC Breeze,20, Pittsburgh Thunderbirds,11
4,2018-06-02 18:00:00,National Sports Center Stadium, Indianapolis AlleyCats,18, Minnesota Wind Chill,22
5,2018-06-02 17:00:00,, Toronto Rush,24, Montreal Royal,20
6,2018-06-02 00:00:00,, Chicago Union,25, Detroit Mechanix,18
7,2018-06-01 19:00:00,WakeMed Soccer Park, Austin Sol,14, Raleigh Flyers,32
8,2018-05-27 14:00:00,MNP Park Stadium, Philadelphia Phoenix,18, Ottawa Outlaws,30
9,2018-05-26 20:00:00,Vanderbilt Natchez Field, Austin Sol,21, Nashville Nightwatch,27
0,2017-06-25 16:00:00,, LA Aviators,29, Seattle Cascades,26
1,2017-06-25 14:00:00,, Indianapolis AlleyCats,16, Pittsburgh Thunderbirds,18
2,2017-06-25 14:00:00,, Detroit Mechanix,16, Chicago Union,23
3,2017-06-25 13:00:00,, Atlanta Hustle,25, Austin Sol,26
4,2017-06-24 22:00:00,, San Francisco FlameThrowers,26, San Jose Spiders,29
5,2017-06-24 21:00:00,, LA Aviators,21, Vancouver Riptide,20
6,2017-06-24 20:00:00,, Atlanta Hustle,19, Dallas Legion,21
7,2017-06-24 19:00:00,, Jacksonville Cannons,13, Raleigh Flyers,27
8,2017-06-24 19:00:00,, Detroit Mechanix,9, Madison Radicals,21
9,2017-06-24 18:30:00,, Philadelphia Phoenix,17, DC Breeze,25
0,2016-07-10 17:00:00,, Jacksonville Cannons,26, Atlanta Hustle,27
1,2016-07-10 15:00:00,, Minnesota Wind Chill,20, Detroit Mechanix,19
2,2016-07-10 13:30:00,, Raleigh Flyers,12, Austin Sol,33
3,2016-07-10 13:00:00,, Philadelphia Phoenix,19, Montreal Royal,27
4,2016-07-10 13:00:00,, Indianapolis AlleyCats,17, Madison Radicals,23
5,2016-07-09 22:30:00,, San Diego Growlers,24, LA Aviators,30
6,2016-07-09 21:30:00,, Vancouver Riptide,27, Seattle Cascades,31
7,2016-07-09 20:00:00,, Raleigh Flyers,22, Dallas Legion,27
8,2016-07-09 19:00:00,, Minnesota Wind Chill,21, Pittsburgh Thunderbirds,29
9,2016-07-09 19:00:00,, Jacksonville Cannons,26, Nashville Nightwatch,30
0,2016-04-24 16:30:00,, Cincinnati Revolution,14, Indianapolis AlleyCats,35
1,2016-04-24 13:30:00,, Jacksonville Cannons,23, Austin Sol,28
2,2016-04-24 13:00:00,, Toronto Rush,24, Philadelphia Phoenix,16
3,2016-04-23 21:00:00,, San Diego Growlers,14, San Francisco FlameThrowers,31
4,2016-04-23 20:00:00,, Atlanta Hustle,24, Charlotte Express,19
5,2016-04-23 20:00:00,, Jacksonville Cannons,17, Dallas Legion,32
6,2016-04-23 20:00:00,, Cincinnati Revolution,19, Chicago Union,27
7,2016-04-23 19:00:00,, Detroit Mechanix,16, Pittsburgh Thunderbirds,26
8,2016-04-23 19:00:00,, Raleigh Flyers,20, Nashville Nightwatch,18
9,2016-04-23 18:30:00,, Toronto Rush,25, DC Breeze,24
0,2016-07-09 19:00:00,, Jacksonville Cannons,26, Nashville Nightwatch,30
1,2016-07-09 18:00:00,, Philadelphia Phoenix,16, Ottawa Outlaws,37
2,2016-07-08 20:00:00,, Madison Radicals,19, Chicago Union,16
3,2016-07-03 14:00:00,, New York Empire,20, Toronto Rush,22
4,2016-07-02 22:30:00,, Vancouver Riptide,26, LA Aviators,28
5,2016-07-02 21:15:00,, San Jose Spiders,21, San Diego Growlers,32
6,2016-07-02 20:00:00,, Cincinnati Revolution,21, Minnesota Wind Chill,28
7,2016-07-02 19:30:00,, Pittsburgh Thunderbirds,31, Indianapolis AlleyCats,26
8,2016-07-02 19:30:00,, Dallas Legion,26, Austin Sol,22
9,2016-07-02 19:00:00,, Toronto Rush,29, Montreal Royal,18
0,2018-05-26 21:00:00,Jerry Chabola Stadium, San Diego Growlers,23, LA Aviators,25
1,2018-05-26 20:00:00,Breese Stevens Field, Raleigh Flyers,24, Madison Radicals,16
2,2018-05-26 20:00:00,Vanderbilt Natchez Field, Austin Sol,21, Nashville Nightwatch,27
3,2018-05-26 18:30:00,Cardinal Stadium, New York Empire,21, DC Breeze,29
4,2018-05-26 16:30:00,Waterloo Field, Philadelphia Phoenix,23, Toronto Rush,28
5,2018-05-20 14:00:00,Five Star Complex, Atlanta Hustle,21, Dallas Legion,26
6,2018-05-20 13:00:00,Complexe Sportif Claude-Robillard, DC Breeze,20, Montreal Royal,21
7,2018-05-20 13:00:00,Monarch Park Stadium, Ottawa Outlaws,19, Toronto Rush,21
8,2018-05-20 00:00:00,, Minnesota Wind Chill,34, Detroit Mechanix,24
9,2018-05-19 20:00:00,House Park, Atlanta Hustle,19, Austin Sol,28
0,2017-06-24 17:00:00,, Ottawa Outlaws,22, New York Empire,23
1,2017-06-18 16:00:00,, Philadelphia Phoenix,14, New York Empire,27
2,2017-06-18 16:00:00,, Madison Radicals,21, Detroit Mechanix,11
3,2017-06-18 14:00:00,, DC Breeze,28, Ottawa Outlaws,13
4,2017-06-17 21:30:00,, San Jose Spiders,28, San Diego Growlers,24
5,2017-06-17 20:00:00,, Minnesota Wind Chill,23, Chicago Union,12
6,2017-06-17 20:00:00,, Austin Sol,25, Dallas Legion,27
7,2017-06-17 19:00:00,, Detroit Mechanix,21, Indianapolis AlleyCats,23
8,2017-06-17 19:00:00,, Madison Radicals,22, Pittsburgh Thunderbirds,21
9,2017-06-17 19:00:00,, Raleigh Flyers,24, Atlanta Hustle,21
0,2016-04-17 17:00:00,, Nashville Nightwatch,22, Atlanta Hustle,21
1,2016-04-17 13:00:00,, Austin Sol,27, Raleigh Flyers,28
2,2016-04-17 13:00:00,, Montreal Royal,19, New York Empire,21
3,2016-04-16 22:00:00,, San Francisco FlameThrowers,32, San Jose Spiders,27
4,2016-04-16 20:00:00,, Chicago Union,21, Minnesota Wind Chill,22
5,2016-04-16 19:30:00,, Madison Radicals,32, Indianapolis AlleyCats,25
6,2016-04-16 19:30:00,, Pittsburgh Thunderbirds,25, Cincinnati Revolution,16
7,2016-04-16 19:00:00,, Austin Sol,20, Charlotte Express,21
8,2016-04-16 19:00:00,, Nashville Nightwatch,22, Jacksonville Cannons,31
9,2016-04-16 18:30:00,, Montreal Royal,25, Philadelphia Phoenix,17
0,2021-06-25 21:00:00,LA Southwest College, Dallas Legion,21, LA Aviators,16
1,2021-06-25 19:00:00,Hormel Stadium, Tampa Bay Cannons,17, Boston Glory,24
2,2021-06-25 19:00:00,Durham County Stadium, Philadelphia Phoenix,11, Raleigh Flyers,23
3,2021-06-20 18:00:00,Breese Stevens Field, Indianapolis AlleyCats,20, Madison Radicals,24
4,2021-06-20 17:00:00,Seattle Memorial Stadium, San Diego Growlers,18, Seattle Cascades,16
5,2021-06-19 20:00:00,Westlake Chaparral Stadium, LA Aviators,20, Austin Sol,22
6,2021-06-19 18:30:00,South Philadelphia Super Site, Pittsburgh Thunderbirds,18, Philadelphia Phoenix,27
7,2021-06-19 18:05:00,Campbell Park, Atlanta Hustle,24, Tampa Bay Cannons,13
8,2021-06-19 18:00:00,Grand Rapids Christian HS, Chicago Union,30, Detroit Mechanix,13
9,2021-06-19 18:00:00,Durham County Stadium, Boston Glory,24, Raleigh Flyers,27
0,2021-07-02 20:00:00,Westlake Chaparral Stadium, Seattle Cascades,16, Austin Sol,23
1,2021-07-02 19:00:00,"Carlini Field, Catholic U", New York Empire,17, DC Breeze,20
2,2021-06-27 18:00:00,Breese Stevens Field, Detroit Mechanix,18, Madison Radicals,29
3,2021-06-26 22:00:00,Torrey Pines HS, Dallas Legion,20, San Diego Growlers,21
4,2021-06-26 21:30:00,Oakland Technical High School, Austin Sol,23, San Jose Spiders,28
5,2021-06-26 20:00:00,Grand Park, Chicago Union,28, Indianapolis AlleyCats,20
6,2021-06-26 19:00:00,St Pius HS Field, Philadelphia Phoenix,17, Atlanta Hustle,24
7,2021-06-26 19:00:00,Joseph F. Fosina Field, Tampa Bay Cannons,18, New York Empire,24
8,2021-06-26 19:00:00,Sea Foam Stadium, Detroit Mechanix,17, Minnesota Wind Chill,29
9,2021-06-25 22:30:00,Seattle Memorial Stadium, Austin Sol,24, Seattle Cascades,28
0,2016-07-02 19:00:00,, Charlotte Express,15, Nashville Nightwatch,19
1,2016-07-02 16:30:00,, New York Empire,19, Ottawa Outlaws,24
2,2016-07-01 20:00:00,, Atlanta Hustle,22, Raleigh Flyers,28
3,2016-07-01 19:00:00,, Detroit Mechanix,13, Pittsburgh Thunderbirds,31
4,2016-06-26 18:00:00,, LA Aviators,22, Seattle Cascades,16
5,2016-06-26 16:00:00,, San Diego Growlers,25, San Francisco FlameThrowers,29
6,2016-06-26 15:00:00,, Nashville Nightwatch,19, Raleigh Flyers,28
7,2016-06-26 15:00:00,, Madison Radicals,25, Cincinnati Revolution,22
8,2016-06-26 14:00:00,, Indianapolis AlleyCats,29, Pittsburgh Thunderbirds,25
9,2016-06-26 13:00:00,, Ottawa Outlaws,30, Philadelphia Phoenix,22
