,Rank,Team,Change,Prior,Date,Division
0,1,Middlebury,,,1/6/22,D3_WOMEN
1,2,Portland,,,1/6/22,D3_WOMEN
2,3,Truman State,,,1/6/22,D3_WOMEN
3,4,Carleton Eclipse,,,1/6/22,D3_WOMEN
4,5,Occidental,,,1/6/22,D3_WOMEN
5,6,Michigan Tech,,,1/6/22,D3_WOMEN
6,7,Union,,,1/6/22,D3_WOMEN
7,8,Williams,,,1/6/22,D3_WOMEN
8,9,Rice,,,1/6/22,D3_WOMEN
9,10,Vassar,,,1/6/22,D3_WOMEN
10,11,Brandeis,,,1/6/22,D3_WOMEN
11,12,Rochester,,,1/6/22,D3_WOMEN
12,13,Richmond,,,1/6/22,D3_WOMEN
13,14,St. Olaf,,,1/6/22,D3_WOMEN
14,15,Puget Sound,,,1/6/22,D3_WOMEN
15,16,Lehigh,,,1/6/22,D3_WOMEN
16,17,Cedarville,,,1/6/22,D3_WOMEN
17,18,Amherst,,,1/6/22,D3_WOMEN
18,19,Kenyon,,,1/6/22,D3_WOMEN
19,20,Wheaton,,,1/6/22,D3_WOMEN
20,21,SUNY Fredonia,,,1/6/22,D3_WOMEN
21,22,John Brown,,,1/6/22,D3_WOMEN
22,23,Stonehill,,,1/6/22,D3_WOMEN
23,24,Bates,,,1/6/22,D3_WOMEN
24,25,Wesleyan,,,1/6/22,D3_WOMEN
0,1,Truman State,-,1,12/1/21,D3_WOMEN
1,2,Carleton Eclipse,-,2,12/1/21,D3_WOMEN
2,3,Portland,-,3,12/1/21,D3_WOMEN
3,4,Middlebury,-,4,12/1/21,D3_WOMEN
4,5,Lehigh,-,5,12/1/21,D3_WOMEN
5,6,Union,-,6,12/1/21,D3_WOMEN
6,7,Brandeis,-,7,12/1/21,D3_WOMEN
7,8,Williams,-,8,12/1/21,D3_WOMEN
8,9,Cedarville,-,9,12/1/21,D3_WOMEN
9,10,Rice,-,10,12/1/21,D3_WOMEN
10,11,Michigan Tech,-,11,12/1/21,D3_WOMEN
11,12,Occidental,-,12,12/1/21,D3_WOMEN
12,13,Vassar,-,13,12/1/21,D3_WOMEN
13,14,Rochester,-,14,12/1/21,D3_WOMEN
14,15,St. Olaf,-,15,12/1/21,D3_WOMEN
15,16,Richmond,-,16,12/1/21,D3_WOMEN
16,17,Puget Sound,-,17,12/1/21,D3_WOMEN
17,18,Wheaton,-,18,12/1/21,D3_WOMEN
18,19,Amherst,-,19,12/1/21,D3_WOMEN
19,20,Kenyon,-,20,12/1/21,D3_WOMEN
20,21,SUNY Fredonia,-,21,12/1/21,D3_WOMEN
21,22,John Brown,-,22,12/1/21,D3_WOMEN
22,23,Stonehill,-,23,12/1/21,D3_WOMEN
23,24,Bates,-,24,12/1/21,D3_WOMEN
24,25,Wesleyan,-,25,12/1/21,D3_WOMEN
0,1,Truman State,-,1,12/1/21,D3_WOMEN
1,2,Carleton Eclipse,-,2,12/1/21,D3_WOMEN
2,3,Portland,-,3,12/1/21,D3_WOMEN
3,4,Middlebury,-,4,12/1/21,D3_WOMEN
4,5,Lehigh,1,6,12/1/21,D3_WOMEN
5,6,Union,1,7,12/1/21,D3_WOMEN
6,7,Brandeis,18,25,12/1/21,D3_WOMEN
7,8,Williams,-,8,12/1/21,D3_WOMEN
8,9,Cedarville,1,10,12/1/21,D3_WOMEN
9,10,Rice,1,11,12/1/21,D3_WOMEN
10,11,Michigan Tech,1,12,12/1/21,D3_WOMEN
11,12,Occidental,1,13,12/1/21,D3_WOMEN
12,13,Vassar,2,15,12/1/21,D3_WOMEN
13,14,Rochester,7,21,12/1/21,D3_WOMEN
14,15,St. Olaf,-1,14,12/1/21,D3_WOMEN
15,16,Richmond,-,16,12/1/21,D3_WOMEN
16,17,Puget Sound,1,18,12/1/21,D3_WOMEN
17,18,Wheaton,1,19,12/1/21,D3_WOMEN
18,19,Amherst,-14,5,12/1/21,D3_WOMEN
19,20,Kenyon,4,24,12/1/21,D3_WOMEN
20,21,SUNY Fredonia,1,22,12/1/21,D3_WOMEN
21,22,John Brown,1,23,12/1/21,D3_WOMEN
22,23,Stonehill,-3,20,12/1/21,D3_WOMEN
23,24,Bates,-15,9,12/1/21,D3_WOMEN
24,25,Wesleyan,-8,17,12/1/21,D3_WOMEN
0,1,Truman State,-,1,12/1/21,D3_WOMEN
1,2,Carleton Eclipse,-,2,12/1/21,D3_WOMEN
2,3,Portland,-,3,12/1/21,D3_WOMEN
3,4,Middlebury,-,4,12/1/21,D3_WOMEN
4,5,Amherst,-,5,12/1/21,D3_WOMEN
5,6,Lehigh,-,6,12/1/21,D3_WOMEN
6,7,Union,-,7,12/1/21,D3_WOMEN
7,8,Williams,-,8,12/1/21,D3_WOMEN
8,9,Bates,-,9,12/1/21,D3_WOMEN
9,10,Cedarville,-,10,12/1/21,D3_WOMEN
10,11,Rice,-,11,12/1/21,D3_WOMEN
11,12,Michigan Tech,-,12,12/1/21,D3_WOMEN
12,13,Occidental,-,13,12/1/21,D3_WOMEN
13,14,St. Olaf,-,14,12/1/21,D3_WOMEN
14,15,Vassar,-,15,12/1/21,D3_WOMEN
15,16,Richmond,-,16,12/1/21,D3_WOMEN
16,17,Wesleyan,-,17,12/1/21,D3_WOMEN
17,18,Puget Sound,-,18,12/1/21,D3_WOMEN
18,19,Wheaton,-,19,12/1/21,D3_WOMEN
19,20,Stonehill,-,20,12/1/21,D3_WOMEN
20,21,Rochester,-,21,12/1/21,D3_WOMEN
21,22,SUNY Fredonia,-,22,12/1/21,D3_WOMEN
22,23,John Brown,-,23,12/1/21,D3_WOMEN
23,24,Kenyon,-,24,12/1/21,D3_WOMEN
24,25,Brandeis,-,25,12/1/21,D3_WOMEN
0,1,Truman State,,,12/1/21,D3_WOMEN
1,2,Carleton Eclipse,,,12/1/21,D3_WOMEN
2,3,Portland,,,12/1/21,D3_WOMEN
3,4,Middlebury,,,12/1/21,D3_WOMEN
4,5,Amherst,,,12/1/21,D3_WOMEN
5,6,Lehigh,,,12/1/21,D3_WOMEN
6,7,Union,,,12/1/21,D3_WOMEN
7,8,Williams,,,12/1/21,D3_WOMEN
8,9,Bates,,,12/1/21,D3_WOMEN
9,10,Cedarville,,,12/1/21,D3_WOMEN
10,11,Rice,,,12/1/21,D3_WOMEN
11,12,Michigan Tech,,,12/1/21,D3_WOMEN
12,13,Occidental,,,12/1/21,D3_WOMEN
13,14,St. Olaf,,,12/1/21,D3_WOMEN
14,15,Vassar,,,12/1/21,D3_WOMEN
15,16,Richmond,,,12/1/21,D3_WOMEN
16,17,Wesleyan,,,12/1/21,D3_WOMEN
17,18,Puget Sound,,,12/1/21,D3_WOMEN
18,19,Wheaton,,,12/1/21,D3_WOMEN
19,20,Stonehill,,,12/1/21,D3_WOMEN
20,21,Rochester,,,12/1/21,D3_WOMEN
21,22,SUNY Fredonia,,,12/1/21,D3_WOMEN
22,23,John Brown,,,12/1/21,D3_WOMEN
23,24,Kenyon,,,12/1/21,D3_WOMEN
24,25,Brandeis,,,12/1/21,D3_WOMEN
0,1,Puget Sound,-,1,3/18/20,D3_WOMEN
1,2,Mount Holyoke,9,11,3/18/20,D3_WOMEN
2,3,Truman State,2,5,3/18/20,D3_WOMEN
3,4,Middlebury,-,4,3/18/20,D3_WOMEN
4,5,Carleton Eclipse,3,8,3/18/20,D3_WOMEN
5,6,St. Olaf,-3,3,3/18/20,D3_WOMEN
6,7,Oberlin,-5,2,3/18/20,D3_WOMEN
7,8,Skidmore,1,9,3/18/20,D3_WOMEN
8,9,Haverford and Bryn Mawr,1,10,3/18/20,D3_WOMEN
9,10,Portland,-3,7,3/18/20,D3_WOMEN
10,11,Bates,7,18,3/18/20,D3_WOMEN
11,12,North Georgia,-,12,3/18/20,D3_WOMEN
12,13,North Park,-,13,3/18/20,D3_WOMEN
13,14,Wesleyan,-,14,3/18/20,D3_WOMEN
14,15,Brandeis,,-,3/18/20,D3_WOMEN
15,16,Williams,-10,6,3/18/20,D3_WOMEN
16,17,Colby,-1,16,3/18/20,D3_WOMEN
17,18,John Brown,-1,17,3/18/20,D3_WOMEN
18,19,Occidental,1,20,3/18/20,D3_WOMEN
19,20,Trinity,-5,15,3/18/20,D3_WOMEN
20,21,Swarthmore,-2,19,3/18/20,D3_WOMEN
21,22,Michigan Tech,-1,21,3/18/20,D3_WOMEN
22,23,SUNY Geneseo,-1,22,3/18/20,D3_WOMEN
23,24,Lehigh,-1,23,3/18/20,D3_WOMEN
24,25,Rice,-1,24,3/18/20,D3_WOMEN
0,1,Puget Sound,1,2,3/18/20,D3_WOMEN
1,2,Oberlin,-1,1,3/18/20,D3_WOMEN
2,3,St. Olaf,-,3,3/18/20,D3_WOMEN
3,4,Middlebury,-,4,3/18/20,D3_WOMEN
4,5,Truman State,-,5,3/18/20,D3_WOMEN
5,6,Williams,1,7,3/18/20,D3_WOMEN
6,7,Portland,1,8,3/18/20,D3_WOMEN
7,8,Carleton Eclipse,1,9,3/18/20,D3_WOMEN
8,9,Skidmore,2,11,3/18/20,D3_WOMEN
9,10,Haverford and Bryn Mawr,2,12,3/18/20,D3_WOMEN
10,11,Mount Holyoke,4,15,3/18/20,D3_WOMEN
11,12,North Georgia,-2,10,3/18/20,D3_WOMEN
12,13,North Park,-,13,3/18/20,D3_WOMEN
13,14,Wesleyan,-,14,3/18/20,D3_WOMEN
14,15,Trinity,1,16,3/18/20,D3_WOMEN
15,16,Colby,7,23,3/18/20,D3_WOMEN
16,17,John Brown,-,17,3/18/20,D3_WOMEN
17,18,Bates,-12,6,3/18/20,D3_WOMEN
18,19,Swarthmore,-1,18,3/18/20,D3_WOMEN
19,20,Occidental,4,24,3/18/20,D3_WOMEN
20,21,Michigan Tech,-2,19,3/18/20,D3_WOMEN
21,22,SUNY Geneseo,-2,20,3/18/20,D3_WOMEN
22,23,Lehigh,-2,21,3/18/20,D3_WOMEN
23,24,Rice,-2,22,3/18/20,D3_WOMEN
24,25,Catholic University,,-,3/18/20,D3_WOMEN
0,1,Oberlin,-,1,3/18/20,D3_WOMEN
1,2,Puget Sound,-,2,3/18/20,D3_WOMEN
2,3,St. Olaf,-,3,3/18/20,D3_WOMEN
3,4,Middlebury,-,4,3/18/20,D3_WOMEN
4,5,Truman State,-,5,3/18/20,D3_WOMEN
5,6,Bates,-,6,3/18/20,D3_WOMEN
6,7,Williams,-,7,3/18/20,D3_WOMEN
7,8,Portland,-,8,3/18/20,D3_WOMEN
8,9,Carleton Eclipse,-,9,3/18/20,D3_WOMEN
9,10,North Georgia,-,10,3/18/20,D3_WOMEN
10,11,Skidmore,,-,3/18/20,D3_WOMEN
11,12,Haverford and Bryn Mawr,13,25,3/18/20,D3_WOMEN
12,13,North Park,-2,11,3/18/20,D3_WOMEN
13,14,Wesleyan,-2,12,3/18/20,D3_WOMEN
14,15,Mount Holyoke,-1,14,3/18/20,D3_WOMEN
15,16,Trinity,-1,15,3/18/20,D3_WOMEN
16,17,John Brown,7,24,3/18/20,D3_WOMEN
17,18,Swarthmore,-5,13,3/18/20,D3_WOMEN
18,19,Michigan Tech,-2,17,3/18/20,D3_WOMEN
19,20,SUNY Geneseo,2,22,3/18/20,D3_WOMEN
20,21,Lehigh,,-,3/18/20,D3_WOMEN
21,22,Rice,,-,3/18/20,D3_WOMEN
22,23,Colby,-5,18,3/18/20,D3_WOMEN
23,24,Occidental,-5,19,3/18/20,D3_WOMEN
24,25,Mary Washington,-5,20,3/18/20,D3_WOMEN
0,1,Oberlin,-,1,3/18/20,D3_WOMEN
1,2,Puget Sound,-,2,3/18/20,D3_WOMEN
2,3,St. Olaf,-,3,3/18/20,D3_WOMEN
3,4,Middlebury,-,4,3/18/20,D3_WOMEN
4,5,Truman State,-,5,3/18/20,D3_WOMEN
5,6,Bates,-,6,3/18/20,D3_WOMEN
6,7,Williams,-,7,3/18/20,D3_WOMEN
7,8,Portland,-,8,3/18/20,D3_WOMEN
8,9,Carleton Eclipse,-,9,3/18/20,D3_WOMEN
9,10,North Georgia,2,12,3/18/20,D3_WOMEN
10,11,North Park,-1,10,3/18/20,D3_WOMEN
11,12,Wesleyan,-1,11,3/18/20,D3_WOMEN
12,13,Swarthmore,1,14,3/18/20,D3_WOMEN
13,14,Mount Holyoke,-1,13,3/18/20,D3_WOMEN
14,15,Trinity,-,15,3/18/20,D3_WOMEN
15,16,Lewis and Clark,-,16,3/18/20,D3_WOMEN
16,17,Michigan Tech,-,17,3/18/20,D3_WOMEN
17,18,Colby,-,18,3/18/20,D3_WOMEN
18,19,Occidental,-,19,3/18/20,D3_WOMEN
19,20,Mary Washington,5,25,3/18/20,D3_WOMEN
20,21,Catholic University,,-,3/18/20,D3_WOMEN
21,22,SUNY Geneseo,-2,20,3/18/20,D3_WOMEN
22,23,Georgia College,,-,3/18/20,D3_WOMEN
23,24,John Brown,-3,21,3/18/20,D3_WOMEN
24,25,Haverford and Bryn Mawr,-3,22,3/18/20,D3_WOMEN
0,1,Oberlin,-,1,3/18/20,D3_WOMEN
1,2,Puget Sound,-,2,3/18/20,D3_WOMEN
2,3,St. Olaf,-,3,3/18/20,D3_WOMEN
3,4,Middlebury,-,4,3/18/20,D3_WOMEN
4,5,Truman State,-,5,3/18/20,D3_WOMEN
5,6,Bates,-,6,3/18/20,D3_WOMEN
6,7,Williams,-,7,3/18/20,D3_WOMEN
7,8,Portland,5,13,3/18/20,D3_WOMEN
8,9,Carleton Eclipse,-,9,3/18/20,D3_WOMEN
9,10,North Park,-2,8,3/18/20,D3_WOMEN
10,11,Wesleyan,-1,10,3/18/20,D3_WOMEN
11,12,North Georgia,-,12,3/18/20,D3_WOMEN
12,13,Mount Holyoke,1,14,3/18/20,D3_WOMEN
13,14,Swarthmore,1,15,3/18/20,D3_WOMEN
14,15,Trinity,3,18,3/18/20,D3_WOMEN
15,16,Lewis and Clark,-5,11,3/18/20,D3_WOMEN
16,17,Michigan Tech,-1,16,3/18/20,D3_WOMEN
17,18,Colby,-1,17,3/18/20,D3_WOMEN
18,19,Occidental,-,19,3/18/20,D3_WOMEN
19,20,SUNY Geneseo,-,20,3/18/20,D3_WOMEN
20,21,John Brown,-,21,3/18/20,D3_WOMEN
21,22,Haverford and Bryn Mawr,-,22,3/18/20,D3_WOMEN
22,23,Brandeis,-,23,3/18/20,D3_WOMEN
23,24,Richmond,,-,3/18/20,D3_WOMEN
24,25,Mary Washington,-1,24,3/18/20,D3_WOMEN
0,1,Oberlin,-,1,3/18/20,D3_WOMEN
1,2,Puget Sound,-,2,3/18/20,D3_WOMEN
2,3,St. Olaf,-,3,3/18/20,D3_WOMEN
3,4,Middlebury,-,4,3/18/20,D3_WOMEN
4,5,Truman State,-,5,3/18/20,D3_WOMEN
5,6,Bates,-,6,3/18/20,D3_WOMEN
6,7,Williams,-,7,3/18/20,D3_WOMEN
7,8,North Park,-,8,3/18/20,D3_WOMEN
8,9,Carleton Eclipse,-,9,3/18/20,D3_WOMEN
9,10,Wesleyan,-,10,3/18/20,D3_WOMEN
10,11,Lewis and Clark,-,11,3/18/20,D3_WOMEN
11,12,North Georgia,-,12,3/18/20,D3_WOMEN
12,13,Portland,-,13,3/18/20,D3_WOMEN
13,14,Mount Holyoke,-,14,3/18/20,D3_WOMEN
14,15,Swarthmore,-,15,3/18/20,D3_WOMEN
15,16,Michigan Tech,-,16,3/18/20,D3_WOMEN
16,17,Colby,-,17,3/18/20,D3_WOMEN
17,18,Trinity,-,18,3/18/20,D3_WOMEN
18,19,Occidental,1,20,3/18/20,D3_WOMEN
19,20,SUNY Geneseo,-1,19,3/18/20,D3_WOMEN
20,21,John Brown,-,21,3/18/20,D3_WOMEN
21,22,Haverford and Bryn Mawr,-,22,3/18/20,D3_WOMEN
22,23,Brandeis,-,23,3/18/20,D3_WOMEN
23,24,Mary Washington,-,24,3/18/20,D3_WOMEN
24,25,Winona State,-,25,3/18/20,D3_WOMEN
0,1,Oberlin,,,3/18/20,D3_WOMEN
1,2,Puget Sound,,,3/18/20,D3_WOMEN
2,3,St. Olaf,,,3/18/20,D3_WOMEN
3,4,Middlebury,,,3/18/20,D3_WOMEN
4,5,Truman State,,,3/18/20,D3_WOMEN
5,6,Bates,,,3/18/20,D3_WOMEN
6,7,Williams,,,3/18/20,D3_WOMEN
7,8,North Park,,,3/18/20,D3_WOMEN
8,9,Carleton Eclipse,,,3/18/20,D3_WOMEN
9,10,Wesleyan,,,3/18/20,D3_WOMEN
10,11,Lewis and Clark,,,3/18/20,D3_WOMEN
11,12,North Georgia,,,3/18/20,D3_WOMEN
12,13,Portland,,,3/18/20,D3_WOMEN
13,14,Mount Holyoke,,,3/18/20,D3_WOMEN
14,15,Swarthmore,,,3/18/20,D3_WOMEN
15,16,Michigan Tech,,,3/18/20,D3_WOMEN
16,17,Colby,,,3/18/20,D3_WOMEN
17,18,Trinity,,,3/18/20,D3_WOMEN
18,19,SUNY Geneseo,,,3/18/20,D3_WOMEN
19,20,Occidental,,,3/18/20,D3_WOMEN
20,21,John Brown,,,3/18/20,D3_WOMEN
21,22,Haverford and Bryn Mawr,,,3/18/20,D3_WOMEN
22,23,Brandeis,,,3/18/20,D3_WOMEN
23,24,Mary Washington,,,3/18/20,D3_WOMEN
24,25,Winona State,,,3/18/20,D3_WOMEN
0,1,Oberlin,5,6,6/7/19,D3_WOMEN
1,2,Bates,-1,1,6/7/19,D3_WOMEN
2,3,St. Olaf,6,9,6/7/19,D3_WOMEN
3,4,Puget Sound,3,7,6/7/19,D3_WOMEN
4,5,North Park,15,20,6/7/19,D3_WOMEN
5,6,Middlebury,-3,3,6/7/19,D3_WOMEN
6,7,Truman State,-3,4,6/7/19,D3_WOMEN
7,8,Williams,-6,2,6/7/19,D3_WOMEN
8,9,Portland,-1,8,6/7/19,D3_WOMEN
9,10,Lewis and Clark,1,11,6/7/19,D3_WOMEN
10,11,Mount Holyoke,-6,5,6/7/19,D3_WOMEN
11,12,Carleton Eclipse,-2,10,6/7/19,D3_WOMEN
12,13,Trinity,-1,12,6/7/19,D3_WOMEN
13,14,Wesleyan,-1,13,6/7/19,D3_WOMEN
14,15,RPI,-1,14,6/7/19,D3_WOMEN
15,16,Brandeis,-1,15,6/7/19,D3_WOMEN
16,17,North Georgia,4,21,6/7/19,D3_WOMEN
17,18,Occidental,,-,6/7/19,D3_WOMEN
18,19,Winona State,-3,16,6/7/19,D3_WOMEN
19,20,John Brown,-3,17,6/7/19,D3_WOMEN
20,21,Michigan Tech,-3,18,6/7/19,D3_WOMEN
21,22,Wellesley,-3,19,6/7/19,D3_WOMEN
22,23,Mary Washington,-1,22,6/7/19,D3_WOMEN
23,24,SUNY Geneseo,-1,23,6/7/19,D3_WOMEN
24,25,Skidmore,-1,24,6/7/19,D3_WOMEN
0,1,Bates,-,1,6/7/19,D3_WOMEN
1,2,Williams,-,2,6/7/19,D3_WOMEN
2,3,Middlebury,-,3,6/7/19,D3_WOMEN
3,4,Truman State,-,4,6/7/19,D3_WOMEN
4,5,Mount Holyoke,-,5,6/7/19,D3_WOMEN
5,6,Oberlin,-,6,6/7/19,D3_WOMEN
6,7,Puget Sound,-,7,6/7/19,D3_WOMEN
7,8,Portland,-,8,6/7/19,D3_WOMEN
8,9,St. Olaf,-,9,6/7/19,D3_WOMEN
9,10,Carleton Eclipse,-,10,6/7/19,D3_WOMEN
10,11,Lewis and Clark,-,11,6/7/19,D3_WOMEN
11,12,Trinity,-,12,6/7/19,D3_WOMEN
12,13,Wesleyan,-,13,6/7/19,D3_WOMEN
13,14,RPI,-,14,6/7/19,D3_WOMEN
14,15,Brandeis,-,15,6/7/19,D3_WOMEN
15,16,Winona State,-,16,6/7/19,D3_WOMEN
16,17,John Brown,-,17,6/7/19,D3_WOMEN
17,18,Michigan Tech,-,18,6/7/19,D3_WOMEN
18,19,Wellesley,-,19,6/7/19,D3_WOMEN
19,20,North Park,-,20,6/7/19,D3_WOMEN
20,21,North Georgia,-,21,6/7/19,D3_WOMEN
21,22,Mary Washington,-,22,6/7/19,D3_WOMEN
22,23,SUNY Geneseo,-,23,6/7/19,D3_WOMEN
23,24,Skidmore,-,24,6/7/19,D3_WOMEN
24,25,Swarthmore,-,25,6/7/19,D3_WOMEN
0,1,Bates,-,1,6/7/19,D3_WOMEN
1,2,Williams,-,2,6/7/19,D3_WOMEN
2,3,Middlebury,-,3,6/7/19,D3_WOMEN
3,4,Truman State,-,4,6/7/19,D3_WOMEN
4,5,Mount Holyoke,-,5,6/7/19,D3_WOMEN
5,6,Oberlin,-,6,6/7/19,D3_WOMEN
6,7,Puget Sound,-,7,6/7/19,D3_WOMEN
7,8,Portland,-,8,6/7/19,D3_WOMEN
8,9,St. Olaf,-,9,6/7/19,D3_WOMEN
9,10,Carleton Eclipse,-,10,6/7/19,D3_WOMEN
10,11,Lewis and Clark,-,11,6/7/19,D3_WOMEN
11,12,Trinity,1,13,6/7/19,D3_WOMEN
12,13,Wesleyan,1,14,6/7/19,D3_WOMEN
13,14,RPI,-2,12,6/7/19,D3_WOMEN
14,15,Brandeis,3,18,6/7/19,D3_WOMEN
15,16,Winona State,-1,15,6/7/19,D3_WOMEN
16,17,John Brown,-1,16,6/7/19,D3_WOMEN
17,18,Michigan Tech,-1,17,6/7/19,D3_WOMEN
18,19,Wellesley,-,19,6/7/19,D3_WOMEN
19,20,North Park,1,21,6/7/19,D3_WOMEN
20,21,North Georgia,2,23,6/7/19,D3_WOMEN
21,22,Mary Washington,2,24,6/7/19,D3_WOMEN
22,23,SUNY Geneseo,,-,6/7/19,D3_WOMEN
23,24,Skidmore,-4,20,6/7/19,D3_WOMEN
24,25,Swarthmore,-3,22,6/7/19,D3_WOMEN
0,1,Bates,-,1,6/7/19,D3_WOMEN
1,2,Williams,-,2,6/7/19,D3_WOMEN
2,3,Middlebury,-,3,6/7/19,D3_WOMEN
3,4,Truman State,-,4,6/7/19,D3_WOMEN
4,5,Mount Holyoke,-,5,6/7/19,D3_WOMEN
5,6,Oberlin,-,6,6/7/19,D3_WOMEN
6,7,Puget Sound,-,7,6/7/19,D3_WOMEN
7,8,Portland,-,8,6/7/19,D3_WOMEN
8,9,St. Olaf,5,14,6/7/19,D3_WOMEN
9,10,Carleton Eclipse,-1,9,6/7/19,D3_WOMEN
10,11,Lewis and Clark,4,15,6/7/19,D3_WOMEN
11,12,RPI,-2,10,6/7/19,D3_WOMEN
12,13,Trinity,-2,11,6/7/19,D3_WOMEN
13,14,Wesleyan,-2,12,6/7/19,D3_WOMEN
14,15,Winona State,-2,13,6/7/19,D3_WOMEN
15,16,John Brown,-,16,6/7/19,D3_WOMEN
16,17,Michigan Tech,5,22,6/7/19,D3_WOMEN
17,18,Brandeis,-,18,6/7/19,D3_WOMEN
18,19,Wellesley,-,19,6/7/19,D3_WOMEN
19,20,Skidmore,-,20,6/7/19,D3_WOMEN
20,21,North Park,-,21,6/7/19,D3_WOMEN
21,22,Swarthmore,1,23,6/7/19,D3_WOMEN
22,23,North Georgia,1,24,6/7/19,D3_WOMEN
23,24,Mary Washington,1,25,6/7/19,D3_WOMEN
24,25,Bowdoin,,-,6/7/19,D3_WOMEN
0,1,Bates,-,1,6/7/19,D3_WOMEN
1,2,Williams,-,2,6/7/19,D3_WOMEN
2,3,Middlebury,-,3,6/7/19,D3_WOMEN
3,4,Truman State,-,4,6/7/19,D3_WOMEN
4,5,Mount Holyoke,-,5,6/7/19,D3_WOMEN
5,6,Oberlin,-,6,6/7/19,D3_WOMEN
6,7,Puget Sound,-,7,6/7/19,D3_WOMEN
7,8,Portland,-,8,6/7/19,D3_WOMEN
8,9,Carleton Eclipse,-,9,6/7/19,D3_WOMEN
9,10,RPI,-,10,6/7/19,D3_WOMEN
10,11,Trinity,12,23,6/7/19,D3_WOMEN
11,12,Wesleyan,-,12,6/7/19,D3_WOMEN
12,13,Winona State,-,13,6/7/19,D3_WOMEN
13,14,St. Olaf,-,14,6/7/19,D3_WOMEN
14,15,Lewis and Clark,-,15,6/7/19,D3_WOMEN
15,16,John Brown,-5,11,6/7/19,D3_WOMEN
16,17,Colby,-1,16,6/7/19,D3_WOMEN
17,18,Brandeis,,-,6/7/19,D3_WOMEN
18,19,Wellesley,-1,18,6/7/19,D3_WOMEN
19,20,Skidmore,-1,19,6/7/19,D3_WOMEN
20,21,North Park,,-,6/7/19,D3_WOMEN
21,22,Michigan Tech,-2,20,6/7/19,D3_WOMEN
22,23,Swarthmore,2,25,6/7/19,D3_WOMEN
23,24,North Georgia,,-,6/7/19,D3_WOMEN
24,25,Mary Washington,,-,6/7/19,D3_WOMEN
0,1,Bates,-,1,6/7/19,D3_WOMEN
1,2,Williams,-,2,6/7/19,D3_WOMEN
2,3,Middlebury,-,3,6/7/19,D3_WOMEN
3,4,Truman State,1,5,6/7/19,D3_WOMEN
4,5,Mount Holyoke,1,6,6/7/19,D3_WOMEN
5,6,Oberlin,1,7,6/7/19,D3_WOMEN
6,7,Puget Sound,4,11,6/7/19,D3_WOMEN
7,8,Portland,2,10,6/7/19,D3_WOMEN
8,9,Carleton Eclipse,-1,8,6/7/19,D3_WOMEN
9,10,RPI,-6,4,6/7/19,D3_WOMEN
10,11,John Brown,4,15,6/7/19,D3_WOMEN
11,12,Wesleyan,-3,9,6/7/19,D3_WOMEN
12,13,Winona State,-1,12,6/7/19,D3_WOMEN
13,14,St. Olaf,-1,13,6/7/19,D3_WOMEN
14,15,Lewis and Clark,-1,14,6/7/19,D3_WOMEN
15,16,Colby,1,17,6/7/19,D3_WOMEN
16,17,Missouri S&T,1,18,6/7/19,D3_WOMEN
17,18,Wellesley,1,19,6/7/19,D3_WOMEN
18,19,Skidmore,1,20,6/7/19,D3_WOMEN
19,20,Michigan Tech,2,22,6/7/19,D3_WOMEN
20,21,Catholic University,2,23,6/7/19,D3_WOMEN
21,22,Georgia College,2,24,6/7/19,D3_WOMEN
22,23,Trinity,2,25,6/7/19,D3_WOMEN
23,24,SUNY Geneseo,,-,6/7/19,D3_WOMEN
24,25,Swarthmore,,-,6/7/19,D3_WOMEN
0,1,Bates,-,1,6/7/19,D3_WOMEN
1,2,Williams,-,2,6/7/19,D3_WOMEN
2,3,Middlebury,,-,6/7/19,D3_WOMEN
3,4,RPI,4,8,6/7/19,D3_WOMEN
4,5,Truman State,4,9,6/7/19,D3_WOMEN
5,6,Mount Holyoke,-2,4,6/7/19,D3_WOMEN
6,7,Oberlin,-2,5,6/7/19,D3_WOMEN
7,8,Carleton Eclipse,-2,6,6/7/19,D3_WOMEN
8,9,Wesleyan,1,10,6/7/19,D3_WOMEN
9,10,Portland,2,12,6/7/19,D3_WOMEN
10,11,Puget Sound,2,13,6/7/19,D3_WOMEN
11,12,Winona State,3,15,6/7/19,D3_WOMEN
12,13,St. Olaf,-6,7,6/7/19,D3_WOMEN
13,14,Lewis and Clark,3,17,6/7/19,D3_WOMEN
14,15,John Brown,4,19,6/7/19,D3_WOMEN
15,16,Pacific Lutheran,4,20,6/7/19,D3_WOMEN
16,17,Colby,4,21,6/7/19,D3_WOMEN
17,18,Missouri S&T,4,22,6/7/19,D3_WOMEN
18,19,Wellesley,4,23,6/7/19,D3_WOMEN
19,20,Skidmore,,-,6/7/19,D3_WOMEN
20,21,North Park,,-,6/7/19,D3_WOMEN
21,22,Michigan Tech,2,24,6/7/19,D3_WOMEN
22,23,Catholic University,-7,16,6/7/19,D3_WOMEN
23,24,Georgia College,-10,14,6/7/19,D3_WOMEN
24,25,Trinity,-7,18,6/7/19,D3_WOMEN
0,1,Bates,-,1,6/7/19,D3_WOMEN
1,2,Williams,-,2,6/7/19,D3_WOMEN
2,3,Lehigh,-,3,6/7/19,D3_WOMEN
3,4,Mount Holyoke,-,4,6/7/19,D3_WOMEN
4,5,Oberlin,-,5,6/7/19,D3_WOMEN
5,6,Carleton Eclipse,-,6,6/7/19,D3_WOMEN
6,7,St. Olaf,-,7,6/7/19,D3_WOMEN
7,8,RPI,-,8,6/7/19,D3_WOMEN
8,9,Truman State,-,9,6/7/19,D3_WOMEN
9,10,Wesleyan,-,10,6/7/19,D3_WOMEN
10,11,Amherst,-,11,6/7/19,D3_WOMEN
11,12,Portland,-,12,6/7/19,D3_WOMEN
12,13,Puget Sound,-,13,6/7/19,D3_WOMEN
13,14,Georgia College,-,14,6/7/19,D3_WOMEN
14,15,Winona State,-,15,6/7/19,D3_WOMEN
15,16,Catholic University,-,16,6/7/19,D3_WOMEN
16,17,Lewis and Clark,-,17,6/7/19,D3_WOMEN
17,18,Trinity,-,18,6/7/19,D3_WOMEN
18,19,John Brown,-,19,6/7/19,D3_WOMEN
19,20,Pacific Lutheran,-,20,6/7/19,D3_WOMEN
20,21,Colby,-,21,6/7/19,D3_WOMEN
21,22,Missouri S&T,-,22,6/7/19,D3_WOMEN
22,23,Wellesley,-,23,6/7/19,D3_WOMEN
23,24,Michigan Tech,-,24,6/7/19,D3_WOMEN
24,25,Smith,-,25,6/7/19,D3_WOMEN
0,1,Bates,-,1,6/7/19,D3_WOMEN
1,2,Williams,-,2,6/7/19,D3_WOMEN
2,3,Lehigh,1,4,6/7/19,D3_WOMEN
3,4,Mount Holyoke,3,7,6/7/19,D3_WOMEN
4,5,Oberlin,-2,3,6/7/19,D3_WOMEN
5,6,Carleton Eclipse,,-,6/7/19,D3_WOMEN
6,7,St. Olaf,-2,5,6/7/19,D3_WOMEN
7,8,RPI,-2,6,6/7/19,D3_WOMEN
8,9,Truman State,-1,8,6/7/19,D3_WOMEN
9,10,Wesleyan,-1,9,6/7/19,D3_WOMEN
10,11,Amherst,-1,10,6/7/19,D3_WOMEN
11,12,Portland,-1,11,6/7/19,D3_WOMEN
12,13,Puget Sound,-1,12,6/7/19,D3_WOMEN
13,14,Georgia College,-,14,6/7/19,D3_WOMEN
14,15,Winona State,6,21,6/7/19,D3_WOMEN
15,16,Catholic University,-3,13,6/7/19,D3_WOMEN
16,17,Lewis and Clark,-2,15,6/7/19,D3_WOMEN
17,18,Trinity,-2,16,6/7/19,D3_WOMEN
18,19,John Brown,1,20,6/7/19,D3_WOMEN
19,20,Pacific Lutheran,-3,17,6/7/19,D3_WOMEN
20,21,Colby,3,24,6/7/19,D3_WOMEN
21,22,Missouri S&T,3,25,6/7/19,D3_WOMEN
22,23,Wellesley,,-,6/7/19,D3_WOMEN
23,24,Michigan Tech,,-,6/7/19,D3_WOMEN
24,25,Smith,,-,6/7/19,D3_WOMEN
0,1,Bates,-,1,6/7/19,D3_WOMEN
1,2,Williams,-,2,6/7/19,D3_WOMEN
2,3,Oberlin,-,3,6/7/19,D3_WOMEN
3,4,Lehigh,-,4,6/7/19,D3_WOMEN
4,5,St. Olaf,-,5,6/7/19,D3_WOMEN
5,6,RPI,-,6,6/7/19,D3_WOMEN
6,7,Mount Holyoke,-,7,6/7/19,D3_WOMEN
7,8,Truman State,9,17,6/7/19,D3_WOMEN
8,9,Wesleyan,-1,8,6/7/19,D3_WOMEN
9,10,Amherst,-1,9,6/7/19,D3_WOMEN
10,11,Portland,-1,10,6/7/19,D3_WOMEN
11,12,Puget Sound,-1,11,6/7/19,D3_WOMEN
12,13,Catholic University,-1,12,6/7/19,D3_WOMEN
13,14,Georgia College,-1,13,6/7/19,D3_WOMEN
14,15,Lewis and Clark,-1,14,6/7/19,D3_WOMEN
15,16,Trinity,-1,15,6/7/19,D3_WOMEN
16,17,Pacific Lutheran,-1,16,6/7/19,D3_WOMEN
17,18,Rice,-,18,6/7/19,D3_WOMEN
18,19,North Park,-,19,6/7/19,D3_WOMEN
19,20,John Brown,4,24,6/7/19,D3_WOMEN
20,21,Winona State,-1,20,6/7/19,D3_WOMEN
21,22,Xavier,,-,6/7/19,D3_WOMEN
22,23,Middlebury,-2,21,6/7/19,D3_WOMEN
23,24,Colby,,-,6/7/19,D3_WOMEN
24,25,Missouri S&T,,-,6/7/19,D3_WOMEN
0,1,Bates,-,1,6/7/19,D3_WOMEN
1,2,Williams,-,2,6/7/19,D3_WOMEN
2,3,Oberlin,3,6,6/7/19,D3_WOMEN
3,4,Lehigh,-,4,6/7/19,D3_WOMEN
4,5,St. Olaf,-,5,6/7/19,D3_WOMEN
5,6,RPI,1,7,6/7/19,D3_WOMEN
6,7,Mount Holyoke,1,8,6/7/19,D3_WOMEN
7,8,Wesleyan,1,9,6/7/19,D3_WOMEN
8,9,Amherst,1,10,6/7/19,D3_WOMEN
9,10,Portland,11,21,6/7/19,D3_WOMEN
10,11,Puget Sound,-8,3,6/7/19,D3_WOMEN
11,12,Catholic University,-1,11,6/7/19,D3_WOMEN
12,13,Georgia College,-,13,6/7/19,D3_WOMEN
13,14,Lewis and Clark,5,19,6/7/19,D3_WOMEN
14,15,Trinity,-1,14,6/7/19,D3_WOMEN
15,16,Pacific Lutheran,-4,12,6/7/19,D3_WOMEN
16,17,Truman State,-2,15,6/7/19,D3_WOMEN
17,18,Rice,-2,16,6/7/19,D3_WOMEN
18,19,North Park,-2,17,6/7/19,D3_WOMEN
19,20,Winona State,-2,18,6/7/19,D3_WOMEN
20,21,Middlebury,-1,20,6/7/19,D3_WOMEN
21,22,Air Force,-,22,6/7/19,D3_WOMEN
22,23,Hamilton,-,23,6/7/19,D3_WOMEN
23,24,John Brown,-,24,6/7/19,D3_WOMEN
24,25,Carleton Eclipse,-,25,6/7/19,D3_WOMEN
0,1,Bates,-,1,6/7/19,D3_WOMEN
1,2,Williams,-,2,6/7/19,D3_WOMEN
2,3,Puget Sound,-,3,6/7/19,D3_WOMEN
3,4,Lehigh,-,4,6/7/19,D3_WOMEN
4,5,St. Olaf,-,5,6/7/19,D3_WOMEN
5,6,Oberlin,-,6,6/7/19,D3_WOMEN
6,7,RPI,-,7,6/7/19,D3_WOMEN
7,8,Mount Holyoke,-,8,6/7/19,D3_WOMEN
8,9,Wesleyan,-,9,6/7/19,D3_WOMEN
9,10,Amherst,-,10,6/7/19,D3_WOMEN
10,11,Catholic University,-,11,6/7/19,D3_WOMEN
11,12,Pacific Lutheran,-,12,6/7/19,D3_WOMEN
12,13,Georgia College,-,13,6/7/19,D3_WOMEN
13,14,Trinity,-,14,6/7/19,D3_WOMEN
14,15,Truman State,-,15,6/7/19,D3_WOMEN
15,16,Rice,-,16,6/7/19,D3_WOMEN
16,17,North Park,-,17,6/7/19,D3_WOMEN
17,18,Winona State,-,18,6/7/19,D3_WOMEN
18,19,Lewis and Clark,-,19,6/7/19,D3_WOMEN
19,20,Middlebury,-,20,6/7/19,D3_WOMEN
20,21,Portland,-,21,6/7/19,D3_WOMEN
21,22,Air Force,-,22,6/7/19,D3_WOMEN
22,23,Hamilton,-,23,6/7/19,D3_WOMEN
23,24,John Brown,-,24,6/7/19,D3_WOMEN
24,25,Carleton Eclipse,-,25,6/7/19,D3_WOMEN
0,1,Bates,-,1,6/7/19,D3_WOMEN
1,2,Williams,-,2,6/7/19,D3_WOMEN
2,3,Puget Sound,-,3,6/7/19,D3_WOMEN
3,4,Lehigh,-,4,6/7/19,D3_WOMEN
4,5,St. Olaf,-,5,6/7/19,D3_WOMEN
5,6,Oberlin,-,6,6/7/19,D3_WOMEN
6,7,RPI,-,7,6/7/19,D3_WOMEN
7,8,Mount Holyoke,-,8,6/7/19,D3_WOMEN
8,9,Wesleyan,-,9,6/7/19,D3_WOMEN
9,10,Amherst,-,10,6/7/19,D3_WOMEN
10,11,Catholic University,1,12,6/7/19,D3_WOMEN
11,12,Pacific Lutheran,2,14,6/7/19,D3_WOMEN
12,13,Georgia College,-,13,6/7/19,D3_WOMEN
13,14,Trinity,,-,6/7/19,D3_WOMEN
14,15,Truman State,-,15,6/7/19,D3_WOMEN
15,16,Rice,-5,11,6/7/19,D3_WOMEN
16,17,North Park,-1,16,6/7/19,D3_WOMEN
17,18,Winona State,-,18,6/7/19,D3_WOMEN
18,19,Lewis and Clark,5,24,6/7/19,D3_WOMEN
19,20,Middlebury,-1,19,6/7/19,D3_WOMEN
20,21,Portland,,-,6/7/19,D3_WOMEN
21,22,Air Force,-2,20,6/7/19,D3_WOMEN
22,23,Hamilton,-2,21,6/7/19,D3_WOMEN
23,24,John Brown,-2,22,6/7/19,D3_WOMEN
24,25,Carleton Eclipse,-2,23,6/7/19,D3_WOMEN
0,1,Bates,-,1,6/7/19,D3_WOMEN
1,2,Williams,-,2,6/7/19,D3_WOMEN
2,3,Puget Sound,-,3,6/7/19,D3_WOMEN
3,4,Lehigh,-,4,6/7/19,D3_WOMEN
4,5,St. Olaf,-,5,6/7/19,D3_WOMEN
5,6,Oberlin,-,6,6/7/19,D3_WOMEN
6,7,RPI,-,7,6/7/19,D3_WOMEN
7,8,Mount Holyoke,-,8,6/7/19,D3_WOMEN
8,9,Wesleyan,-,9,6/7/19,D3_WOMEN
9,10,Amherst,-,10,6/7/19,D3_WOMEN
10,11,Rice,-,11,6/7/19,D3_WOMEN
11,12,Catholic University,-,12,6/7/19,D3_WOMEN
12,13,Georgia College,-,13,6/7/19,D3_WOMEN
13,14,Pacific Lutheran,-,14,6/7/19,D3_WOMEN
14,15,Truman State,-,15,6/7/19,D3_WOMEN
15,16,North Park,-,16,6/7/19,D3_WOMEN
16,17,Claremont,-,17,6/7/19,D3_WOMEN
17,18,Winona State,-,18,6/7/19,D3_WOMEN
18,19,Middlebury,-,19,6/7/19,D3_WOMEN
19,20,Air Force,-,20,6/7/19,D3_WOMEN
20,21,Hamilton,-,21,6/7/19,D3_WOMEN
21,22,John Brown,-,22,6/7/19,D3_WOMEN
22,23,Carleton Eclipse,-,23,6/7/19,D3_WOMEN
23,24,Lewis and Clark,-,24,6/7/19,D3_WOMEN
24,25,Haverford and Bryn Mawr,-,25,6/7/19,D3_WOMEN
0,1,Bates,-,1,6/7/19,D3_WOMEN
1,2,Williams,-,2,6/7/19,D3_WOMEN
2,3,Puget Sound,-,3,6/7/19,D3_WOMEN
3,4,Lehigh,-,4,6/7/19,D3_WOMEN
4,5,St. Olaf,-,5,6/7/19,D3_WOMEN
5,6,Oberlin,-,6,6/7/19,D3_WOMEN
6,7,RPI,-,7,6/7/19,D3_WOMEN
7,8,Mount Holyoke,-,8,6/7/19,D3_WOMEN
8,9,Wesleyan,-,9,6/7/19,D3_WOMEN
9,10,Amherst,-,10,6/7/19,D3_WOMEN
10,11,Rice,-,11,6/7/19,D3_WOMEN
11,12,Catholic University,-,12,6/7/19,D3_WOMEN
12,13,Georgia College,-,13,6/7/19,D3_WOMEN
13,14,Pacific Lutheran,-,14,6/7/19,D3_WOMEN
14,15,Truman State,-,15,6/7/19,D3_WOMEN
15,16,North Park,-,16,6/7/19,D3_WOMEN
16,17,Claremont,-,17,6/7/19,D3_WOMEN
17,18,Winona State,-,18,6/7/19,D3_WOMEN
18,19,Middlebury,-,19,6/7/19,D3_WOMEN
19,20,Air Force,-,20,6/7/19,D3_WOMEN
20,21,Hamilton,-,21,6/7/19,D3_WOMEN
21,22,John Brown,-,22,6/7/19,D3_WOMEN
22,23,Carleton Eclipse,-,23,6/7/19,D3_WOMEN
23,24,Lewis and Clark,-,24,6/7/19,D3_WOMEN
24,25,Haverford and Bryn Mawr,-,25,6/7/19,D3_WOMEN
0,1,Bates,,,6/7/19,D3_WOMEN
1,2,Williams,,,6/7/19,D3_WOMEN
2,3,Puget Sound,,,6/7/19,D3_WOMEN
3,4,Lehigh,,,6/7/19,D3_WOMEN
4,5,St. Olaf,,,6/7/19,D3_WOMEN
5,6,Oberlin,,,6/7/19,D3_WOMEN
6,7,RPI,,,6/7/19,D3_WOMEN
7,8,Mount Holyoke,,,6/7/19,D3_WOMEN
8,9,Wesleyan,,,6/7/19,D3_WOMEN
9,10,Amherst,,,6/7/19,D3_WOMEN
10,11,Rice,,,6/7/19,D3_WOMEN
11,12,Catholic University,,,6/7/19,D3_WOMEN
12,13,Georgia College,,,6/7/19,D3_WOMEN
13,14,Pacific Lutheran,,,6/7/19,D3_WOMEN
14,15,Truman State,,,6/7/19,D3_WOMEN
15,16,North Park,,,6/7/19,D3_WOMEN
16,17,Claremont,,,6/7/19,D3_WOMEN
17,18,Winona State,,,6/7/19,D3_WOMEN
18,19,Middlebury,,,6/7/19,D3_WOMEN
19,20,Air Force,,,6/7/19,D3_WOMEN
20,21,Hamilton,,,6/7/19,D3_WOMEN
21,22,John Brown,,,6/7/19,D3_WOMEN
22,23,Carleton Eclipse,,,6/7/19,D3_WOMEN
23,24,Lewis and Clark,,,6/7/19,D3_WOMEN
24,25,Haverford and Bryn Mawr,,,6/7/19,D3_WOMEN
0,1,Williams,1,2,5/9/18,D3_WOMEN
1,2,Bates,-1,1,5/9/18,D3_WOMEN
2,3,Puget Sound,-,3,5/9/18,D3_WOMEN
3,4,Oberlin,8,12,5/9/18,D3_WOMEN
4,5,Wesleyan,6,11,5/9/18,D3_WOMEN
5,6,RPI,2,8,5/9/18,D3_WOMEN
6,7,Amherst,-,7,5/9/18,D3_WOMEN
7,8,Lehigh,-3,5,5/9/18,D3_WOMEN
8,9,Mount Holyoke,-5,4,5/9/18,D3_WOMEN
9,10,Georgia College,-4,6,5/9/18,D3_WOMEN
10,11,Rice,-2,9,5/9/18,D3_WOMEN
11,12,St. Olaf,3,15,5/9/18,D3_WOMEN
12,13,Middlebury,7,20,5/9/18,D3_WOMEN
13,14,Pacific Lutheran,-4,10,5/9/18,D3_WOMEN
14,15,North Park,2,17,5/9/18,D3_WOMEN
15,16,Truman State,3,19,5/9/18,D3_WOMEN
16,17,Bowdoin,-4,13,5/9/18,D3_WOMEN
17,18,John Brown,5,23,5/9/18,D3_WOMEN
18,19,Winona State,,-,5/9/18,D3_WOMEN
19,20,Carleton Eclipse,-6,14,5/9/18,D3_WOMEN
20,21,Brandeis,,-,5/9/18,D3_WOMEN
21,22,Hamilton,,-,5/9/18,D3_WOMEN
22,23,SUNY Geneseo,-1,22,5/9/18,D3_WOMEN
23,24,Lewis and Clark,-,24,5/9/18,D3_WOMEN
24,25,Catholic University,-,25,5/9/18,D3_WOMEN
0,1,Bates,-,1,5/9/18,D3_WOMEN
1,2,Williams,-,2,5/9/18,D3_WOMEN
2,3,Puget Sound,-,3,5/9/18,D3_WOMEN
3,4,Mount Holyoke,2,6,5/9/18,D3_WOMEN
4,5,Lehigh,3,8,5/9/18,D3_WOMEN
5,6,Georgia College,-2,4,5/9/18,D3_WOMEN
6,7,Amherst,-2,5,5/9/18,D3_WOMEN
7,8,RPI,13,21,5/9/18,D3_WOMEN
8,9,Rice,,-,5/9/18,D3_WOMEN
9,10,Pacific Lutheran,4,14,5/9/18,D3_WOMEN
10,11,Wesleyan,-,11,5/9/18,D3_WOMEN
11,12,Oberlin,5,17,5/9/18,D3_WOMEN
12,13,Bowdoin,-,13,5/9/18,D3_WOMEN
13,14,Carleton Eclipse,-4,10,5/9/18,D3_WOMEN
14,15,St. Olaf,1,16,5/9/18,D3_WOMEN
15,16,Skidmore,-4,12,5/9/18,D3_WOMEN
16,17,North Park,1,18,5/9/18,D3_WOMEN
17,18,Swarthmore,,-,5/9/18,D3_WOMEN
18,19,Truman State,-4,15,5/9/18,D3_WOMEN
19,20,Middlebury,-11,9,5/9/18,D3_WOMEN
20,21,Grinnell,-2,19,5/9/18,D3_WOMEN
21,22,SUNY Geneseo,2,24,5/9/18,D3_WOMEN
22,23,John Brown,-16,7,5/9/18,D3_WOMEN
23,24,Lewis and Clark,1,25,5/9/18,D3_WOMEN
24,25,Catholic University,,-,5/9/18,D3_WOMEN
0,1,Bates,1,2,5/9/18,D3_WOMEN
1,2,Williams,-1,1,5/9/18,D3_WOMEN
2,3,Puget Sound,-,3,5/9/18,D3_WOMEN
3,4,Georgia College,1,5,5/9/18,D3_WOMEN
4,5,Amherst,3,8,5/9/18,D3_WOMEN
5,6,Mount Holyoke,-2,4,5/9/18,D3_WOMEN
6,7,John Brown,-1,6,5/9/18,D3_WOMEN
7,8,Lehigh,9,17,5/9/18,D3_WOMEN
8,9,Middlebury,10,19,5/9/18,D3_WOMEN
9,10,Carleton Eclipse,-,10,5/9/18,D3_WOMEN
10,11,Wesleyan,-4,7,5/9/18,D3_WOMEN
11,12,Skidmore,1,13,5/9/18,D3_WOMEN
12,13,Bowdoin,-4,9,5/9/18,D3_WOMEN
13,14,Pacific Lutheran,-,14,5/9/18,D3_WOMEN
14,15,Truman State,-4,11,5/9/18,D3_WOMEN
15,16,St. Olaf,-1,15,5/9/18,D3_WOMEN
16,17,Oberlin,5,22,5/9/18,D3_WOMEN
17,18,North Park,-2,16,5/9/18,D3_WOMEN
18,19,Grinnell,-1,18,5/9/18,D3_WOMEN
19,20,Dickinson,-8,12,5/9/18,D3_WOMEN
20,21,RPI,,-,5/9/18,D3_WOMEN
21,22,Colby,2,24,5/9/18,D3_WOMEN
22,23,Claremont,-2,21,5/9/18,D3_WOMEN
23,24,SUNY Geneseo,,-,5/9/18,D3_WOMEN
24,25,Lewis and Clark,-2,23,5/9/18,D3_WOMEN
0,1,Williams,-,1,5/9/18,D3_WOMEN
1,2,Bates,-,2,5/9/18,D3_WOMEN
2,3,Puget Sound,-,3,5/9/18,D3_WOMEN
3,4,Mount Holyoke,1,5,5/9/18,D3_WOMEN
4,5,Georgia College,-1,4,5/9/18,D3_WOMEN
5,6,John Brown,1,7,5/9/18,D3_WOMEN
6,7,Wesleyan,1,8,5/9/18,D3_WOMEN
7,8,Amherst,1,9,5/9/18,D3_WOMEN
8,9,Bowdoin,1,10,5/9/18,D3_WOMEN
9,10,Carleton Eclipse,2,12,5/9/18,D3_WOMEN
10,11,Truman State,2,13,5/9/18,D3_WOMEN
11,12,Dickinson,2,14,5/9/18,D3_WOMEN
12,13,Skidmore,-2,11,5/9/18,D3_WOMEN
13,14,Pacific Lutheran,1,15,5/9/18,D3_WOMEN
14,15,St. Olaf,1,16,5/9/18,D3_WOMEN
15,16,North Park,3,19,5/9/18,D3_WOMEN
16,17,Lehigh,5,22,5/9/18,D3_WOMEN
17,18,Grinnell,2,20,5/9/18,D3_WOMEN
18,19,Middlebury,,-,5/9/18,D3_WOMEN
19,20,Swarthmore,-2,18,5/9/18,D3_WOMEN
20,21,Claremont,-4,17,5/9/18,D3_WOMEN
21,22,Oberlin,,-,5/9/18,D3_WOMEN
22,23,Lewis and Clark,-2,21,5/9/18,D3_WOMEN
23,24,Colby,-1,23,5/9/18,D3_WOMEN
24,25,Brandeis,-1,24,5/9/18,D3_WOMEN
0,1,Williams,-,1,5/9/18,D3_WOMEN
1,2,Bates,-,2,5/9/18,D3_WOMEN
2,3,Puget Sound,-,3,5/9/18,D3_WOMEN
3,4,Georgia College,-,4,5/9/18,D3_WOMEN
4,5,Mount Holyoke,-,5,5/9/18,D3_WOMEN
5,6,Valparaiso,-,6,5/9/18,D3_WOMEN
6,7,John Brown,-,7,5/9/18,D3_WOMEN
7,8,Wesleyan,-,8,5/9/18,D3_WOMEN
8,9,Amherst,-,9,5/9/18,D3_WOMEN
9,10,Bowdoin,-,10,5/9/18,D3_WOMEN
10,11,Skidmore,-,11,5/9/18,D3_WOMEN
11,12,Carleton Eclipse,-,12,5/9/18,D3_WOMEN
12,13,Truman State,-,13,5/9/18,D3_WOMEN
13,14,Dickinson,-,14,5/9/18,D3_WOMEN
14,15,Pacific Lutheran,-,15,5/9/18,D3_WOMEN
15,16,St. Olaf,-,16,5/9/18,D3_WOMEN
16,17,Claremont,-,17,5/9/18,D3_WOMEN
17,18,Swarthmore,-,18,5/9/18,D3_WOMEN
18,19,North Park,-,19,5/9/18,D3_WOMEN
19,20,Grinnell,,-,5/9/18,D3_WOMEN
20,21,Lewis and Clark,-1,20,5/9/18,D3_WOMEN
21,22,Lehigh,-1,21,5/9/18,D3_WOMEN
22,23,Colby,-1,22,5/9/18,D3_WOMEN
23,24,Brandeis,,-,5/9/18,D3_WOMEN
24,25,St. Benedict,-2,23,5/9/18,D3_WOMEN
0,1,Williams,-,1,5/9/18,D3_WOMEN
1,2,Bates,-,2,5/9/18,D3_WOMEN
2,3,Puget Sound,-,3,5/9/18,D3_WOMEN
3,4,Georgia College,-,4,5/9/18,D3_WOMEN
4,5,Mount Holyoke,-,5,5/9/18,D3_WOMEN
5,6,Valparaiso,-,6,5/9/18,D3_WOMEN
6,7,John Brown,-,7,5/9/18,D3_WOMEN
7,8,Wesleyan,-,8,5/9/18,D3_WOMEN
8,9,Amherst,-,9,5/9/18,D3_WOMEN
9,10,Bowdoin,-,10,5/9/18,D3_WOMEN
10,11,Skidmore,-,11,5/9/18,D3_WOMEN
11,12,Carleton Eclipse,-,12,5/9/18,D3_WOMEN
12,13,Truman State,-,13,5/9/18,D3_WOMEN
13,14,Dickinson,-,14,5/9/18,D3_WOMEN
14,15,Pacific Lutheran,-,15,5/9/18,D3_WOMEN
15,16,St. Olaf,-,16,5/9/18,D3_WOMEN
16,17,Claremont,-,17,5/9/18,D3_WOMEN
17,18,Swarthmore,-,18,5/9/18,D3_WOMEN
18,19,North Park,-,19,5/9/18,D3_WOMEN
19,20,Lewis and Clark,-,20,5/9/18,D3_WOMEN
20,21,Lehigh,-,21,5/9/18,D3_WOMEN
21,22,Colby,-,22,5/9/18,D3_WOMEN
22,23,St. Benedict,-,23,5/9/18,D3_WOMEN
23,24,SUNY Geneseo,-,24,5/9/18,D3_WOMEN
24,25,Oberlin,-,25,5/9/18,D3_WOMEN
0,1,Williams,-,1,5/9/18,D3_WOMEN
1,2,Bates,-,2,5/9/18,D3_WOMEN
2,3,Puget Sound,1,4,5/9/18,D3_WOMEN
3,4,Georgia College,1,5,5/9/18,D3_WOMEN
4,5,Mount Holyoke,1,6,5/9/18,D3_WOMEN
5,6,Valparaiso,1,7,5/9/18,D3_WOMEN
6,7,John Brown,1,8,5/9/18,D3_WOMEN
7,8,Wesleyan,1,9,5/9/18,D3_WOMEN
8,9,Amherst,1,10,5/9/18,D3_WOMEN
9,10,Bowdoin,1,11,5/9/18,D3_WOMEN
10,11,Skidmore,1,12,5/9/18,D3_WOMEN
11,12,Carleton Eclipse,1,13,5/9/18,D3_WOMEN
12,13,Truman State,5,18,5/9/18,D3_WOMEN
13,14,Dickinson,1,15,5/9/18,D3_WOMEN
14,15,Pacific Lutheran,1,16,5/9/18,D3_WOMEN
15,16,St. Olaf,-13,3,5/9/18,D3_WOMEN
16,17,Claremont,-,17,5/9/18,D3_WOMEN
17,18,Swarthmore,1,19,5/9/18,D3_WOMEN
18,19,North Park,,-,5/9/18,D3_WOMEN
19,20,Lewis and Clark,-,20,5/9/18,D3_WOMEN
20,21,Lehigh,-,21,5/9/18,D3_WOMEN
21,22,Colby,,-,5/9/18,D3_WOMEN
22,23,St. Benedict,,-,5/9/18,D3_WOMEN
23,24,SUNY Geneseo,-2,22,5/9/18,D3_WOMEN
24,25,Oberlin,-2,23,5/9/18,D3_WOMEN
0,1,Williams,-,1,5/9/18,D3_WOMEN
1,2,Bates,-,2,5/9/18,D3_WOMEN
2,3,St. Olaf,-,3,5/9/18,D3_WOMEN
3,4,Puget Sound,-,4,5/9/18,D3_WOMEN
4,5,Georgia College,1,6,5/9/18,D3_WOMEN
5,6,Mount Holyoke,1,7,5/9/18,D3_WOMEN
6,7,Valparaiso,4,11,5/9/18,D3_WOMEN
7,8,John Brown,4,12,5/9/18,D3_WOMEN
8,9,Wesleyan,1,10,5/9/18,D3_WOMEN
9,10,Amherst,7,17,5/9/18,D3_WOMEN
10,11,Bowdoin,-6,5,5/9/18,D3_WOMEN
11,12,Skidmore,-4,8,5/9/18,D3_WOMEN
12,13,Carleton Eclipse,1,14,5/9/18,D3_WOMEN
13,14,Grinnell,-1,13,5/9/18,D3_WOMEN
14,15,Dickinson,,-,5/9/18,D3_WOMEN
15,16,Pacific Lutheran,2,18,5/9/18,D3_WOMEN
16,17,Claremont,-1,16,5/9/18,D3_WOMEN
17,18,Truman State,1,19,5/9/18,D3_WOMEN
18,19,Swarthmore,,-,5/9/18,D3_WOMEN
19,20,Lewis and Clark,2,22,5/9/18,D3_WOMEN
20,21,Lehigh,-6,15,5/9/18,D3_WOMEN
21,22,SUNY Geneseo,-13,9,5/9/18,D3_WOMEN
22,23,Oberlin,,-,5/9/18,D3_WOMEN
23,24,Catholic University,-4,20,5/9/18,D3_WOMEN
24,25,Allegheny,-2,23,5/9/18,D3_WOMEN
0,1,Williams,-,1,5/9/18,D3_WOMEN
1,2,Bates,-,2,5/9/18,D3_WOMEN
2,3,St. Olaf,-,3,5/9/18,D3_WOMEN
3,4,Puget Sound,-,4,5/9/18,D3_WOMEN
4,5,Bowdoin,-,5,5/9/18,D3_WOMEN
5,6,Georgia College,-,6,5/9/18,D3_WOMEN
6,7,Mount Holyoke,-,7,5/9/18,D3_WOMEN
7,8,Skidmore,-,8,5/9/18,D3_WOMEN
8,9,SUNY Geneseo,-,9,5/9/18,D3_WOMEN
9,10,Wesleyan,-,10,5/9/18,D3_WOMEN
10,11,Valparaiso,-,11,5/9/18,D3_WOMEN
11,12,John Brown,-,12,5/9/18,D3_WOMEN
12,13,Grinnell,-,13,5/9/18,D3_WOMEN
13,14,Carleton Eclipse,-,14,5/9/18,D3_WOMEN
14,15,Lehigh,-,15,5/9/18,D3_WOMEN
15,16,Claremont,-,16,5/9/18,D3_WOMEN
16,17,Amherst,-,17,5/9/18,D3_WOMEN
17,18,Pacific Lutheran,-,18,5/9/18,D3_WOMEN
18,19,Truman State,-,19,5/9/18,D3_WOMEN
19,20,Catholic University,-,20,5/9/18,D3_WOMEN
20,21,Haverford and Bryn Mawr,-,21,5/9/18,D3_WOMEN
21,22,Lewis and Clark,-,22,5/9/18,D3_WOMEN
22,23,Allegheny,-,23,5/9/18,D3_WOMEN
23,24,Luther,-,24,5/9/18,D3_WOMEN
24,25,Portland,-,25,5/9/18,D3_WOMEN
0,1,Williams,-,1,5/9/18,D3_WOMEN
1,2,Bates,-,2,5/9/18,D3_WOMEN
2,3,St. Olaf,1,4,5/9/18,D3_WOMEN
3,4,Puget Sound,1,5,5/9/18,D3_WOMEN
4,5,Bowdoin,1,6,5/9/18,D3_WOMEN
5,6,Georgia College,2,8,5/9/18,D3_WOMEN
6,7,Mount Holyoke,-,7,5/9/18,D3_WOMEN
7,8,Skidmore,1,9,5/9/18,D3_WOMEN
8,9,SUNY Geneseo,1,10,5/9/18,D3_WOMEN
9,10,Wesleyan,1,11,5/9/18,D3_WOMEN
10,11,Valparaiso,1,12,5/9/18,D3_WOMEN
11,12,John Brown,1,13,5/9/18,D3_WOMEN
12,13,Grinnell,1,14,5/9/18,D3_WOMEN
13,14,Carleton Eclipse,-11,3,5/9/18,D3_WOMEN
14,15,Lehigh,-,15,5/9/18,D3_WOMEN
15,16,Claremont,8,24,5/9/18,D3_WOMEN
16,17,Amherst,-1,16,5/9/18,D3_WOMEN
17,18,Pacific Lutheran,,-,5/9/18,D3_WOMEN
18,19,Truman State,-2,17,5/9/18,D3_WOMEN
19,20,Catholic University,-2,18,5/9/18,D3_WOMEN
20,21,Haverford and Bryn Mawr,-2,19,5/9/18,D3_WOMEN
21,22,Lewis and Clark,-2,20,5/9/18,D3_WOMEN
22,23,Allegheny,-2,21,5/9/18,D3_WOMEN
23,24,Luther,-2,22,5/9/18,D3_WOMEN
24,25,Portland,-2,23,5/9/18,D3_WOMEN
0,1,Williams,-,1,5/9/18,D3_WOMEN
1,2,Bates,-,2,5/9/18,D3_WOMEN
2,3,Carleton Eclipse,-,3,5/9/18,D3_WOMEN
3,4,St. Olaf,-,4,5/9/18,D3_WOMEN
4,5,Puget Sound,-,5,5/9/18,D3_WOMEN
5,6,Bowdoin,-,6,5/9/18,D3_WOMEN
6,7,Mount Holyoke,-,7,5/9/18,D3_WOMEN
7,8,Georgia College,-,8,5/9/18,D3_WOMEN
8,9,Skidmore,-,9,5/9/18,D3_WOMEN
9,10,SUNY Geneseo,-,10,5/9/18,D3_WOMEN
10,11,Wesleyan,-,11,5/9/18,D3_WOMEN
11,12,Valparaiso,-,12,5/9/18,D3_WOMEN
12,13,John Brown,-,13,5/9/18,D3_WOMEN
13,14,Grinnell,-,14,5/9/18,D3_WOMEN
14,15,Lehigh,-,15,5/9/18,D3_WOMEN
15,16,Amherst,-,16,5/9/18,D3_WOMEN
16,17,Truman State,-,17,5/9/18,D3_WOMEN
17,18,Catholic University,-,18,5/9/18,D3_WOMEN
18,19,Haverford and Bryn Mawr,-,19,5/9/18,D3_WOMEN
19,20,Lewis and Clark,-,20,5/9/18,D3_WOMEN
20,21,Allegheny,-,21,5/9/18,D3_WOMEN
21,22,Luther,1,23,5/9/18,D3_WOMEN
22,23,Portland,-1,22,5/9/18,D3_WOMEN
23,24,Claremont,-,24,5/9/18,D3_WOMEN
24,25,Rice,-,25,5/9/18,D3_WOMEN
0,1,Williams,-,1,5/9/18,D3_WOMEN
1,2,Bates,-,2,5/9/18,D3_WOMEN
2,3,Carleton Eclipse,-,3,5/9/18,D3_WOMEN
3,4,St. Olaf,-,4,5/9/18,D3_WOMEN
4,5,Puget Sound,1,6,5/9/18,D3_WOMEN
5,6,Bowdoin,-1,5,5/9/18,D3_WOMEN
6,7,Mount Holyoke,1,8,5/9/18,D3_WOMEN
7,8,Georgia College,2,10,5/9/18,D3_WOMEN
8,9,Skidmore,2,11,5/9/18,D3_WOMEN
9,10,SUNY Geneseo,2,12,5/9/18,D3_WOMEN
10,11,Wesleyan,2,13,5/9/18,D3_WOMEN
11,12,Valparaiso,2,14,5/9/18,D3_WOMEN
12,13,John Brown,2,15,5/9/18,D3_WOMEN
13,14,Grinnell,2,16,5/9/18,D3_WOMEN
14,15,Lehigh,2,17,5/9/18,D3_WOMEN
15,16,Amherst,2,18,5/9/18,D3_WOMEN
16,17,Truman State,-10,7,5/9/18,D3_WOMEN
17,18,Catholic University,1,19,5/9/18,D3_WOMEN
18,19,Haverford and Bryn Mawr,1,20,5/9/18,D3_WOMEN
19,20,Lewis and Clark,,-,5/9/18,D3_WOMEN
20,21,Allegheny,-,21,5/9/18,D3_WOMEN
21,22,Portland,-13,9,5/9/18,D3_WOMEN
22,23,Luther,-1,22,5/9/18,D3_WOMEN
23,24,Claremont,-1,23,5/9/18,D3_WOMEN
24,25,Rice,-1,24,5/9/18,D3_WOMEN
0,1,Williams,-,1,5/9/18,D3_WOMEN
1,2,Bates,-,2,5/9/18,D3_WOMEN
2,3,Carleton Eclipse,-,3,5/9/18,D3_WOMEN
3,4,St. Olaf,-,4,5/9/18,D3_WOMEN
4,5,Bowdoin,-,5,5/9/18,D3_WOMEN
5,6,Puget Sound,-,6,5/9/18,D3_WOMEN
6,7,Truman State,-,7,5/9/18,D3_WOMEN
7,8,Mount Holyoke,-,8,5/9/18,D3_WOMEN
8,9,Portland,-,9,5/9/18,D3_WOMEN
9,10,Georgia College,-,10,5/9/18,D3_WOMEN
10,11,Skidmore,-,11,5/9/18,D3_WOMEN
11,12,SUNY Geneseo,-,12,5/9/18,D3_WOMEN
12,13,Wesleyan,-,13,5/9/18,D3_WOMEN
13,14,Valparaiso,-,14,5/9/18,D3_WOMEN
14,15,John Brown,-,15,5/9/18,D3_WOMEN
15,16,Grinnell,-,16,5/9/18,D3_WOMEN
16,17,Lehigh,-,17,5/9/18,D3_WOMEN
17,18,Amherst,-,18,5/9/18,D3_WOMEN
18,19,Catholic University,-,19,5/9/18,D3_WOMEN
19,20,Haverford and Bryn Mawr,-,20,5/9/18,D3_WOMEN
20,21,Allegheny,-,21,5/9/18,D3_WOMEN
21,22,Luther,-,22,5/9/18,D3_WOMEN
22,23,Claremont,-,23,5/9/18,D3_WOMEN
23,24,Rice,-,24,5/9/18,D3_WOMEN
24,25,Oberlin,-,25,5/9/18,D3_WOMEN
0,1,Williams,,,5/9/18,D3_WOMEN
1,2,Bates,,,5/9/18,D3_WOMEN
2,3,Carleton Eclipse,,,5/9/18,D3_WOMEN
3,4,St. Olaf,,,5/9/18,D3_WOMEN
4,5,Bowdoin,,,5/9/18,D3_WOMEN
5,6,Puget Sound,,,5/9/18,D3_WOMEN
6,7,Truman State,,,5/9/18,D3_WOMEN
7,8,Mount Holyoke,,,5/9/18,D3_WOMEN
8,9,Portland,,,5/9/18,D3_WOMEN
9,10,Georgia College,,,5/9/18,D3_WOMEN
10,11,Skidmore,,,5/9/18,D3_WOMEN
11,12,SUNY Geneseo,,,5/9/18,D3_WOMEN
12,13,Wesleyan,,,5/9/18,D3_WOMEN
13,14,Valparaiso,,,5/9/18,D3_WOMEN
14,15,John Brown,,,5/9/18,D3_WOMEN
15,16,Grinnell,,,5/9/18,D3_WOMEN
16,17,Lehigh,,,5/9/18,D3_WOMEN
17,18,Amherst,,,5/9/18,D3_WOMEN
18,19,Catholic University,,,5/9/18,D3_WOMEN
19,20,Haverford and Bryn Mawr,,,5/9/18,D3_WOMEN
20,21,Allegheny,,,5/9/18,D3_WOMEN
21,22,Luther,,,5/9/18,D3_WOMEN
22,23,Claremont,,,5/9/18,D3_WOMEN
23,24,Rice,,,5/9/18,D3_WOMEN
24,25,Oberlin,,,5/9/18,D3_WOMEN
0,1,Williams,1,2,12/15/17,D3_WOMEN
1,2,Bates,4,6,12/15/17,D3_WOMEN
2,3,Carleton Eclipse,1,4,12/15/17,D3_WOMEN
3,4,St. Olaf,-3,1,12/15/17,D3_WOMEN
4,5,Bowdoin,-2,3,12/15/17,D3_WOMEN
5,6,Puget Sound,4,10,12/15/17,D3_WOMEN
6,7,Truman State,2,9,12/15/17,D3_WOMEN
7,8,Mount Holyoke,4,12,12/15/17,D3_WOMEN
8,9,Portland,-2,7,12/15/17,D3_WOMEN
9,10,Georgia College,11,21,12/15/17,D3_WOMEN
10,11,Skidmore,8,19,12/15/17,D3_WOMEN
11,12,SUNY Geneseo,13,25,12/15/17,D3_WOMEN
12,13,Wesleyan,-,13,12/15/17,D3_WOMEN
13,14,Valparaiso,-6,8,12/15/17,D3_WOMEN
14,15,John Brown,3,18,12/15/17,D3_WOMEN
15,16,Grinnell,1,17,12/15/17,D3_WOMEN
16,17,Lehigh,,-,12/15/17,D3_WOMEN
17,18,Amherst,-13,5,12/15/17,D3_WOMEN
18,19,Catholic University,,-,12/15/17,D3_WOMEN
19,20,Haverford and Bryn Mawr,-5,15,12/15/17,D3_WOMEN
20,21,Allegheny,,-,12/15/17,D3_WOMEN
21,22,Luther,-8,14,12/15/17,D3_WOMEN
22,23,Claremont,,-,12/15/17,D3_WOMEN
23,24,Rice,-13,11,12/15/17,D3_WOMEN
24,25,Oberlin,-9,16,12/15/17,D3_WOMEN
0,1,St. Olaf,-,1,12/15/17,D3_WOMEN
1,2,Williams,-,2,12/15/17,D3_WOMEN
2,3,Bowdoin,9,12,12/15/17,D3_WOMEN
3,4,Carleton Eclipse,-,4,12/15/17,D3_WOMEN
4,5,Amherst,3,8,12/15/17,D3_WOMEN
5,6,Bates,-1,5,12/15/17,D3_WOMEN
6,7,Portland,-1,6,12/15/17,D3_WOMEN
7,8,Valparaiso,1,9,12/15/17,D3_WOMEN
8,9,Truman State,-6,3,12/15/17,D3_WOMEN
9,10,Puget Sound,-3,7,12/15/17,D3_WOMEN
10,11,Rice,-1,10,12/15/17,D3_WOMEN
11,12,Mount Holyoke,-1,11,12/15/17,D3_WOMEN
12,13,Wesleyan,-,13,12/15/17,D3_WOMEN
13,14,Luther,-,14,12/15/17,D3_WOMEN
14,15,Haverford and Bryn Mawr,-,15,12/15/17,D3_WOMEN
15,16,Oberlin,-,16,12/15/17,D3_WOMEN
16,17,Grinnell,-,17,12/15/17,D3_WOMEN
17,18,John Brown,-,18,12/15/17,D3_WOMEN
18,19,Skidmore,-,19,12/15/17,D3_WOMEN
19,20,Wellesley,-,20,12/15/17,D3_WOMEN
20,21,Georgia College,-,21,12/15/17,D3_WOMEN
21,22,UNC Asheville,1,23,12/15/17,D3_WOMEN
22,23,Elon,1,24,12/15/17,D3_WOMEN
23,24,Missouri S&T,1,25,12/15/17,D3_WOMEN
24,25,SUNY Geneseo,,-,12/15/17,D3_WOMEN
0,1,St. Olaf,-,1,12/15/17,D3_WOMEN
1,2,Williams,-,2,12/15/17,D3_WOMEN
2,3,Truman State,-,3,12/15/17,D3_WOMEN
3,4,Carleton Eclipse,1,5,12/15/17,D3_WOMEN
4,5,Bates,1,6,12/15/17,D3_WOMEN
5,6,Portland,1,7,12/15/17,D3_WOMEN
6,7,Puget Sound,1,8,12/15/17,D3_WOMEN
7,8,Amherst,1,9,12/15/17,D3_WOMEN
8,9,Valparaiso,1,10,12/15/17,D3_WOMEN
9,10,Rice,-6,4,12/15/17,D3_WOMEN
10,11,Mount Holyoke,-,11,12/15/17,D3_WOMEN
11,12,Bowdoin,-,12,12/15/17,D3_WOMEN
12,13,Wesleyan,-,13,12/15/17,D3_WOMEN
13,14,Luther,-,14,12/15/17,D3_WOMEN
14,15,Haverford and Bryn Mawr,-,15,12/15/17,D3_WOMEN
15,16,Oberlin,-,16,12/15/17,D3_WOMEN
16,17,Grinnell,-,17,12/15/17,D3_WOMEN
17,18,John Brown,-,18,12/15/17,D3_WOMEN
18,19,Skidmore,6,25,12/15/17,D3_WOMEN
19,20,Wellesley,1,21,12/15/17,D3_WOMEN
20,21,Georgia College,1,22,12/15/17,D3_WOMEN
21,22,Lehigh,-2,20,12/15/17,D3_WOMEN
22,23,UNC Asheville,-,23,12/15/17,D3_WOMEN
23,24,Elon,-,24,12/15/17,D3_WOMEN
24,25,Missouri S&T,,-,12/15/17,D3_WOMEN
0,1,St. Olaf,-,1,12/15/17,D3_WOMEN
1,2,Williams,1,3,12/15/17,D3_WOMEN
2,3,Truman State,-1,2,12/15/17,D3_WOMEN
3,4,Rice,-,4,12/15/17,D3_WOMEN
4,5,Carleton Eclipse,-,5,12/15/17,D3_WOMEN
5,6,Bates,-,6,12/15/17,D3_WOMEN
6,7,Portland,-,7,12/15/17,D3_WOMEN
7,8,Puget Sound,-,8,12/15/17,D3_WOMEN
8,9,Amherst,-,9,12/15/17,D3_WOMEN
9,10,Valparaiso,-,10,12/15/17,D3_WOMEN
10,11,Mount Holyoke,-,11,12/15/17,D3_WOMEN
11,12,Bowdoin,-,12,12/15/17,D3_WOMEN
12,13,Wesleyan,-,13,12/15/17,D3_WOMEN
13,14,Luther,4,18,12/15/17,D3_WOMEN
14,15,Haverford and Bryn Mawr,-1,14,12/15/17,D3_WOMEN
15,16,Oberlin,-1,15,12/15/17,D3_WOMEN
16,17,Grinnell,-1,16,12/15/17,D3_WOMEN
17,18,John Brown,-1,17,12/15/17,D3_WOMEN
18,19,Claremont,-,19,12/15/17,D3_WOMEN
19,20,Lehigh,-,20,12/15/17,D3_WOMEN
20,21,Wellesley,-,21,12/15/17,D3_WOMEN
21,22,Georgia College,-,22,12/15/17,D3_WOMEN
22,23,UNC Asheville,-,23,12/15/17,D3_WOMEN
23,24,Elon,-,24,12/15/17,D3_WOMEN
24,25,Skidmore,-,25,12/15/17,D3_WOMEN
0,1,St. Olaf,-,1,12/15/17,D3_WOMEN
1,2,Truman State,-,2,12/15/17,D3_WOMEN
2,3,Williams,-,3,12/15/17,D3_WOMEN
3,4,Rice,-,4,12/15/17,D3_WOMEN
4,5,Carleton Eclipse,-,5,12/15/17,D3_WOMEN
5,6,Bates,-,6,12/15/17,D3_WOMEN
6,7,Portland,-,7,12/15/17,D3_WOMEN
7,8,Puget Sound,-,8,12/15/17,D3_WOMEN
8,9,Amherst,-,9,12/15/17,D3_WOMEN
9,10,Valparaiso,-,10,12/15/17,D3_WOMEN
10,11,Mount Holyoke,-,11,12/15/17,D3_WOMEN
11,12,Bowdoin,-,12,12/15/17,D3_WOMEN
12,13,Wesleyan,-,13,12/15/17,D3_WOMEN
13,14,Haverford and Bryn Mawr,-,14,12/15/17,D3_WOMEN
14,15,Oberlin,-,15,12/15/17,D3_WOMEN
15,16,Grinnell,-,16,12/15/17,D3_WOMEN
16,17,John Brown,-,17,12/15/17,D3_WOMEN
17,18,Luther,-,18,12/15/17,D3_WOMEN
18,19,Claremont,-,19,12/15/17,D3_WOMEN
19,20,Lehigh,-,20,12/15/17,D3_WOMEN
20,21,Wellesley,1,22,12/15/17,D3_WOMEN
21,22,Georgia College,3,25,12/15/17,D3_WOMEN
22,23,UNC Asheville,1,24,12/15/17,D3_WOMEN
23,24,Elon,-3,21,12/15/17,D3_WOMEN
24,25,Skidmore,,-,12/15/17,D3_WOMEN
0,1,St. Olaf,1,2,12/15/17,D3_WOMEN
1,2,Truman State,-1,1,12/15/17,D3_WOMEN
2,3,Williams,-,3,12/15/17,D3_WOMEN
3,4,Rice,-,4,12/15/17,D3_WOMEN
4,5,Carleton Eclipse,2,7,12/15/17,D3_WOMEN
5,6,Bates,4,10,12/15/17,D3_WOMEN
6,7,Portland,-1,6,12/15/17,D3_WOMEN
7,8,Puget Sound,-3,5,12/15/17,D3_WOMEN
8,9,Amherst,-1,8,12/15/17,D3_WOMEN
9,10,Valparaiso,-1,9,12/15/17,D3_WOMEN
10,11,Mount Holyoke,-,11,12/15/17,D3_WOMEN
11,12,Bowdoin,-,12,12/15/17,D3_WOMEN
12,13,Wesleyan,1,14,12/15/17,D3_WOMEN
13,14,Haverford and Bryn Mawr,1,15,12/15/17,D3_WOMEN
14,15,Oberlin,1,16,12/15/17,D3_WOMEN
15,16,Grinnell,1,17,12/15/17,D3_WOMEN
16,17,John Brown,7,24,12/15/17,D3_WOMEN
17,18,Luther,-5,13,12/15/17,D3_WOMEN
18,19,Claremont,-1,18,12/15/17,D3_WOMEN
19,20,Lehigh,-1,19,12/15/17,D3_WOMEN
20,21,Elon,-1,20,12/15/17,D3_WOMEN
21,22,Wellesley,-1,21,12/15/17,D3_WOMEN
22,23,Swarthmore,-1,22,12/15/17,D3_WOMEN
23,24,UNC Asheville,-1,23,12/15/17,D3_WOMEN
24,25,Georgia College,,-,12/15/17,D3_WOMEN
0,1,Truman State,-,1,12/15/17,D3_WOMEN
1,2,St. Olaf,-,2,12/15/17,D3_WOMEN
2,3,Williams,1,4,12/15/17,D3_WOMEN
3,4,Rice,-1,3,12/15/17,D3_WOMEN
4,5,Puget Sound,-,5,12/15/17,D3_WOMEN
5,6,Portland,-,6,12/15/17,D3_WOMEN
6,7,Carleton Eclipse,-,7,12/15/17,D3_WOMEN
7,8,Amherst,6,14,12/15/17,D3_WOMEN
8,9,Valparaiso,-1,8,12/15/17,D3_WOMEN
9,10,Bates,-1,9,12/15/17,D3_WOMEN
10,11,Mount Holyoke,-1,10,12/15/17,D3_WOMEN
11,12,Bowdoin,3,15,12/15/17,D3_WOMEN
12,13,Luther,-2,11,12/15/17,D3_WOMEN
13,14,Wesleyan,-2,12,12/15/17,D3_WOMEN
14,15,Haverford and Bryn Mawr,-2,13,12/15/17,D3_WOMEN
15,16,Oberlin,-,16,12/15/17,D3_WOMEN
16,17,Grinnell,-,17,12/15/17,D3_WOMEN
17,18,Claremont,-,18,12/15/17,D3_WOMEN
18,19,Lehigh,1,20,12/15/17,D3_WOMEN
19,20,Elon,-1,19,12/15/17,D3_WOMEN
20,21,Wellesley,,-,12/15/17,D3_WOMEN
21,22,Swarthmore,-1,21,12/15/17,D3_WOMEN
22,23,UNC Asheville,-1,22,12/15/17,D3_WOMEN
23,24,John Brown,1,25,12/15/17,D3_WOMEN
24,25,North Georgia,,-,12/15/17,D3_WOMEN
0,1,Truman State,-,1,12/15/17,D3_WOMEN
1,2,St. Olaf,-,2,12/15/17,D3_WOMEN
2,3,Rice,-,3,12/15/17,D3_WOMEN
3,4,Williams,-,4,12/15/17,D3_WOMEN
4,5,Puget Sound,-,5,12/15/17,D3_WOMEN
5,6,Portland,-,6,12/15/17,D3_WOMEN
6,7,Carleton Eclipse,-,7,12/15/17,D3_WOMEN
7,8,Valparaiso,-,8,12/15/17,D3_WOMEN
8,9,Bates,-,9,12/15/17,D3_WOMEN
9,10,Mount Holyoke,-,10,12/15/17,D3_WOMEN
10,11,Luther,-,11,12/15/17,D3_WOMEN
11,12,Wesleyan,-,12,12/15/17,D3_WOMEN
12,13,Haverford and Bryn Mawr,-,13,12/15/17,D3_WOMEN
13,14,Amherst,-,14,12/15/17,D3_WOMEN
14,15,Bowdoin,-,15,12/15/17,D3_WOMEN
15,16,Oberlin,-,16,12/15/17,D3_WOMEN
16,17,Grinnell,4,21,12/15/17,D3_WOMEN
17,18,Claremont,-1,17,12/15/17,D3_WOMEN
18,19,Elon,-1,18,12/15/17,D3_WOMEN
19,20,Lehigh,-1,19,12/15/17,D3_WOMEN
20,21,Swarthmore,-1,20,12/15/17,D3_WOMEN
21,22,UNC Asheville,-,22,12/15/17,D3_WOMEN
22,23,Messiah,1,24,12/15/17,D3_WOMEN
23,24,Lewis and Clark,1,25,12/15/17,D3_WOMEN
24,25,John Brown,,-,12/15/17,D3_WOMEN
0,1,Truman State,-,1,12/15/17,D3_WOMEN
1,2,St. Olaf,-,2,12/15/17,D3_WOMEN
2,3,Rice,-,3,12/15/17,D3_WOMEN
3,4,Williams,-,4,12/15/17,D3_WOMEN
4,5,Puget Sound,2,7,12/15/17,D3_WOMEN
5,6,Portland,-,6,12/15/17,D3_WOMEN
6,7,Carleton Eclipse,2,9,12/15/17,D3_WOMEN
7,8,Valparaiso,-3,5,12/15/17,D3_WOMEN
8,9,Bates,-1,8,12/15/17,D3_WOMEN
9,10,Mount Holyoke,-,10,12/15/17,D3_WOMEN
10,11,Luther,-,11,12/15/17,D3_WOMEN
11,12,Wesleyan,-,12,12/15/17,D3_WOMEN
12,13,Haverford and Bryn Mawr,-,13,12/15/17,D3_WOMEN
13,14,Amherst,-,14,12/15/17,D3_WOMEN
14,15,Bowdoin,1,16,12/15/17,D3_WOMEN
15,16,Oberlin,1,17,12/15/17,D3_WOMEN
16,17,Claremont,-2,15,12/15/17,D3_WOMEN
17,18,Elon,-,18,12/15/17,D3_WOMEN
18,19,Lehigh,-,19,12/15/17,D3_WOMEN
19,20,Swarthmore,-,20,12/15/17,D3_WOMEN
20,21,Grinnell,-,21,12/15/17,D3_WOMEN
21,22,UNC Asheville,-,22,12/15/17,D3_WOMEN
22,23,Colby,-,23,12/15/17,D3_WOMEN
23,24,Messiah,1,25,12/15/17,D3_WOMEN
24,25,Lewis and Clark,,-,12/15/17,D3_WOMEN
0,1,Truman State,-,1,12/15/17,D3_WOMEN
1,2,St. Olaf,-,2,12/15/17,D3_WOMEN
2,3,Rice,-,3,12/15/17,D3_WOMEN
3,4,Williams,-,4,12/15/17,D3_WOMEN
4,5,Valparaiso,-,5,12/15/17,D3_WOMEN
5,6,Portland,-,6,12/15/17,D3_WOMEN
6,7,Puget Sound,-,7,12/15/17,D3_WOMEN
7,8,Bates,-,8,12/15/17,D3_WOMEN
8,9,Carleton Eclipse,-,9,12/15/17,D3_WOMEN
9,10,Mount Holyoke,-,10,12/15/17,D3_WOMEN
10,11,Luther,-,11,12/15/17,D3_WOMEN
11,12,Wesleyan,-,12,12/15/17,D3_WOMEN
12,13,Haverford and Bryn Mawr,-,13,12/15/17,D3_WOMEN
13,14,Amherst,-,14,12/15/17,D3_WOMEN
14,15,Claremont,-,15,12/15/17,D3_WOMEN
15,16,Bowdoin,-,16,12/15/17,D3_WOMEN
16,17,Oberlin,-,17,12/15/17,D3_WOMEN
17,18,Elon,-,18,12/15/17,D3_WOMEN
18,19,Lehigh,-,19,12/15/17,D3_WOMEN
19,20,Swarthmore,-,20,12/15/17,D3_WOMEN
20,21,Grinnell,-,21,12/15/17,D3_WOMEN
21,22,UNC Asheville,-,22,12/15/17,D3_WOMEN
22,23,Colby,-,23,12/15/17,D3_WOMEN
23,24,John Brown,-,24,12/15/17,D3_WOMEN
24,25,Messiah,-,25,12/15/17,D3_WOMEN
0,1,Truman State,,,12/15/17,D3_WOMEN
1,2,St. Olaf,,,12/15/17,D3_WOMEN
2,3,Rice,,,12/15/17,D3_WOMEN
3,4,Williams,,,12/15/17,D3_WOMEN
4,5,Valparaiso,,,12/15/17,D3_WOMEN
5,6,Portland,,,12/15/17,D3_WOMEN
6,7,Puget Sound,,,12/15/17,D3_WOMEN
7,8,Bates,,,12/15/17,D3_WOMEN
8,9,Carleton Eclipse,,,12/15/17,D3_WOMEN
9,10,Mount Holyoke,,,12/15/17,D3_WOMEN
10,11,Luther,,,12/15/17,D3_WOMEN
11,12,Wesleyan,,,12/15/17,D3_WOMEN
12,13,Haverford and Bryn Mawr,,,12/15/17,D3_WOMEN
13,14,Amherst,,,12/15/17,D3_WOMEN
14,15,Claremont,,,12/15/17,D3_WOMEN
15,16,Bowdoin,,,12/15/17,D3_WOMEN
16,17,Oberlin,,,12/15/17,D3_WOMEN
17,18,Elon,,,12/15/17,D3_WOMEN
18,19,Lehigh,,,12/15/17,D3_WOMEN
19,20,Swarthmore,,,12/15/17,D3_WOMEN
20,21,Grinnell,,,12/15/17,D3_WOMEN
21,22,UNC Asheville,,,12/15/17,D3_WOMEN
22,23,Colby,,,12/15/17,D3_WOMEN
23,24,John Brown,,,12/15/17,D3_WOMEN
24,25,Messiah,,,12/15/17,D3_WOMEN
0,1,Truman State,-,1,11/21/16,D3_WOMEN
1,2,St. Olaf,-,2,11/21/16,D3_WOMEN
2,3,Rice,-,3,11/21/16,D3_WOMEN
3,4,Williams,-,4,11/21/16,D3_WOMEN
4,5,Valparaiso,-,5,11/21/16,D3_WOMEN
5,6,Puget Sound,-,6,11/21/16,D3_WOMEN
6,7,Bates,-,7,11/21/16,D3_WOMEN
7,8,Carleton Eclipse,-,8,11/21/16,D3_WOMEN
8,9,Mount Holyoke,-,9,11/21/16,D3_WOMEN
9,10,Luther,-,10,11/21/16,D3_WOMEN
10,11,Wesleyan,-,11,11/21/16,D3_WOMEN
11,12,Haverford and Bryn Mawr,-,12,11/21/16,D3_WOMEN
12,13,Amherst,-,13,11/21/16,D3_WOMEN
13,14,Claremont,-,14,11/21/16,D3_WOMEN
14,15,Bowdoin,-,15,11/21/16,D3_WOMEN
15,16,Oberlin,-,16,11/21/16,D3_WOMEN
16,17,Portland,-,17,11/21/16,D3_WOMEN
17,18,Lewis and Clark,-,18,11/21/16,D3_WOMEN
18,19,Elon,-,19,11/21/16,D3_WOMEN
19,20,Lehigh,-,20,11/21/16,D3_WOMEN
20,21,Swarthmore,-,21,11/21/16,D3_WOMEN
21,22,Grinnell,-,22,11/21/16,D3_WOMEN
22,23,UNC Asheville,-,23,11/21/16,D3_WOMEN
23,24,Colby,-,24,11/21/16,D3_WOMEN
24,25,Messiah,-,25,11/21/16,D3_WOMEN
0,1,Truman State,3,4,11/21/16,D3_WOMEN
1,2,St. Olaf,5,7,11/21/16,D3_WOMEN
2,3,Rice,8,11,11/21/16,D3_WOMEN
3,4,Williams,4,8,11/21/16,D3_WOMEN
4,5,Valparaiso,9,14,11/21/16,D3_WOMEN
5,6,Puget Sound,4,10,11/21/16,D3_WOMEN
6,7,Bates,2,9,11/21/16,D3_WOMEN
7,8,Carleton Eclipse,-2,6,11/21/16,D3_WOMEN
8,9,Mount Holyoke,-8,1,11/21/16,D3_WOMEN
9,10,Luther,-7,3,11/21/16,D3_WOMEN
10,11,Wesleyan,,-,11/21/16,D3_WOMEN
11,12,Haverford and Bryn Mawr,-,12,11/21/16,D3_WOMEN
12,13,Amherst,,-,11/21/16,D3_WOMEN
13,14,Claremont,-12,2,11/21/16,D3_WOMEN
14,15,Bowdoin,-10,5,11/21/16,D3_WOMEN
15,16,Oberlin,,-,11/21/16,D3_WOMEN
16,17,Portland,,-,11/21/16,D3_WOMEN
17,18,Lewis and Clark,,-,11/21/16,D3_WOMEN
18,19,Elon,-,19,11/21/16,D3_WOMEN
19,20,Lehigh,-2,18,11/21/16,D3_WOMEN
20,21,Swarthmore,-,21,11/21/16,D3_WOMEN
21,22,Grinnell,-7,15,11/21/16,D3_WOMEN
22,23,UNC Asheville,,-,11/21/16,D3_WOMEN
23,24,Colby,,-,11/21/16,D3_WOMEN
24,25,Messiah,-8,17,11/21/16,D3_WOMEN
0,1,Mount Holyoke,3,4,11/21/16,D3_WOMEN
1,2,Claremont,1,3,11/21/16,D3_WOMEN
2,3,Luther,5,8,11/21/16,D3_WOMEN
3,4,Truman State,-2,2,11/21/16,D3_WOMEN
4,5,Bowdoin,-4,1,11/21/16,D3_WOMEN
5,6,Carleton Eclipse,3,9,11/21/16,D3_WOMEN
6,7,St. Olaf,3,10,11/21/16,D3_WOMEN
7,8,Williams,5,13,11/21/16,D3_WOMEN
8,9,Bates,7,16,11/21/16,D3_WOMEN
9,10,Puget Sound,-4,6,11/21/16,D3_WOMEN
10,11,Rice,-4,7,11/21/16,D3_WOMEN
11,12,Haverford and Bryn Mawr,-7,5,11/21/16,D3_WOMEN
12,13,Knox,,-,11/21/16,D3_WOMEN
13,14,Valparaiso,-,14,11/21/16,D3_WOMEN
14,15,Grinnell,-4,11,11/21/16,D3_WOMEN
15,16,John Brown,-4,12,11/21/16,D3_WOMEN
16,17,Messiah,-2,15,11/21/16,D3_WOMEN
17,18,Lehigh,-,18,11/21/16,D3_WOMEN
18,19,Elon,-,19,11/21/16,D3_WOMEN
19,20,Missouri S&T,1,21,11/21/16,D3_WOMEN
20,21,Swarthmore,1,22,11/21/16,D3_WOMEN
21,22,Wellesley,1,23,11/21/16,D3_WOMEN
22,23,Stonehill,,-,11/21/16,D3_WOMEN
23,24,Trinity,-,24,11/21/16,D3_WOMEN
24,25,Georgia College,-,25,11/21/16,D3_WOMEN
0,1,Bowdoin,-,1,11/21/16,D3_WOMEN
1,2,Truman State,1,3,11/21/16,D3_WOMEN
2,3,Claremont,4,7,11/21/16,D3_WOMEN
3,4,Mount Holyoke,,-,11/21/16,D3_WOMEN
4,5,Haverford and Bryn Mawr,-1,4,11/21/16,D3_WOMEN
5,6,Puget Sound,-4,2,11/21/16,D3_WOMEN
6,7,Rice,-1,6,11/21/16,D3_WOMEN
7,8,Luther,-,8,11/21/16,D3_WOMEN
8,9,Carleton Eclipse,-,9,11/21/16,D3_WOMEN
9,10,St. Olaf,-5,5,11/21/16,D3_WOMEN
10,11,Grinnell,-,11,11/21/16,D3_WOMEN
11,12,John Brown,-,12,11/21/16,D3_WOMEN
12,13,Williams,-,13,11/21/16,D3_WOMEN
13,14,Valparaiso,4,18,11/21/16,D3_WOMEN
14,15,Messiah,7,22,11/21/16,D3_WOMEN
15,16,Bates,-,16,11/21/16,D3_WOMEN
16,17,Harding,-7,10,11/21/16,D3_WOMEN
17,18,Lehigh,-3,15,11/21/16,D3_WOMEN
18,19,Elon,-5,14,11/21/16,D3_WOMEN
19,20,Hamilton,-3,17,11/21/16,D3_WOMEN
20,21,Missouri S&T,-2,19,11/21/16,D3_WOMEN
21,22,Swarthmore,,-,11/21/16,D3_WOMEN
22,23,Wellesley,,-,11/21/16,D3_WOMEN
23,24,Trinity,,-,11/21/16,D3_WOMEN
24,25,Georgia College,-,25,11/21/16,D3_WOMEN
0,1,Bowdoin,-,1,11/21/16,D3_WOMEN
1,2,Puget Sound,-,2,11/21/16,D3_WOMEN
2,3,Truman State,3,6,11/21/16,D3_WOMEN
3,4,Haverford and Bryn Mawr,-1,3,11/21/16,D3_WOMEN
4,5,St. Olaf,-1,4,11/21/16,D3_WOMEN
5,6,Rice,-1,5,11/21/16,D3_WOMEN
6,7,Claremont,2,9,11/21/16,D3_WOMEN
7,8,Luther,2,10,11/21/16,D3_WOMEN
8,9,Carleton Eclipse,2,11,11/21/16,D3_WOMEN
9,10,Harding,7,17,11/21/16,D3_WOMEN
10,11,Grinnell,11,22,11/21/16,D3_WOMEN
11,12,John Brown,-5,7,11/21/16,D3_WOMEN
12,13,Williams,-5,8,11/21/16,D3_WOMEN
13,14,Elon,4,18,11/21/16,D3_WOMEN
14,15,Lehigh,-2,13,11/21/16,D3_WOMEN
15,16,Bates,-2,14,11/21/16,D3_WOMEN
16,17,Hamilton,-2,15,11/21/16,D3_WOMEN
17,18,Valparaiso,-2,16,11/21/16,D3_WOMEN
18,19,Missouri S&T,1,20,11/21/16,D3_WOMEN
19,20,Davidson,1,21,11/21/16,D3_WOMEN
20,21,Oberlin,2,23,11/21/16,D3_WOMEN
21,22,Messiah,2,24,11/21/16,D3_WOMEN
22,23,St. Benedict,-4,19,11/21/16,D3_WOMEN
23,24,UNC Asheville,-12,12,11/21/16,D3_WOMEN
24,25,Georgia College,,-,11/21/16,D3_WOMEN
0,1,Bowdoin,,,11/21/16,D3_WOMEN
1,2,Puget Sound,,,11/21/16,D3_WOMEN
2,3,Haverford and Bryn Mawr,,,11/21/16,D3_WOMEN
3,4,St. Olaf,,,11/21/16,D3_WOMEN
4,5,Rice,,,11/21/16,D3_WOMEN
5,6,Truman State,,,11/21/16,D3_WOMEN
6,7,John Brown,,,11/21/16,D3_WOMEN
7,8,Williams,,,11/21/16,D3_WOMEN
8,9,Claremont,,,11/21/16,D3_WOMEN
9,10,Luther,,,11/21/16,D3_WOMEN
10,11,Carleton Eclipse,,,11/21/16,D3_WOMEN
11,12,UNC Asheville,,,11/21/16,D3_WOMEN
12,13,Lehigh,,,11/21/16,D3_WOMEN
13,14,Bates,,,11/21/16,D3_WOMEN
14,15,Hamilton,,,11/21/16,D3_WOMEN
15,16,Valparaiso,,,11/21/16,D3_WOMEN
16,17,Harding,,,11/21/16,D3_WOMEN
17,18,Elon,,,11/21/16,D3_WOMEN
18,19,St. Benedict,,,11/21/16,D3_WOMEN
19,20,Missouri S&T,,,11/21/16,D3_WOMEN
20,21,Davidson,,,11/21/16,D3_WOMEN
21,22,Grinnell,,,11/21/16,D3_WOMEN
22,23,Oberlin,,,11/21/16,D3_WOMEN
23,24,Messiah,,,11/21/16,D3_WOMEN
24,25,Pacific Lutheran,,,11/21/16,D3_WOMEN
0,1,Rice,1,2,4/3/15,D3_WOMEN
1,2,Truman State,-1,1,4/3/15,D3_WOMEN
2,3,Grinnell,5,8,4/3/15,D3_WOMEN
3,4,Valparaiso,8,12,4/3/15,D3_WOMEN
4,5,Williams,-2,3,4/3/15,D3_WOMEN
5,6,Claremont,-1,5,4/3/15,D3_WOMEN
6,7,Wake Forest,-3,4,4/3/15,D3_WOMEN
7,8,Puget Sound,2,10,4/3/15,D3_WOMEN
8,9,St. Benedict,5,14,4/3/15,D3_WOMEN
9,10,St. Olaf,-1,9,4/3/15,D3_WOMEN
10,11,Haverford and Bryn Mawr,-5,6,4/3/15,D3_WOMEN
11,12,Carleton Eclipse,1,13,4/3/15,D3_WOMEN
12,13,Elon,4,17,4/3/15,D3_WOMEN
13,14,Mount Holyoke,7,21,4/3/15,D3_WOMEN
14,15,Harding,1,16,4/3/15,D3_WOMEN
15,16,Davidson,-5,11,4/3/15,D3_WOMEN
16,17,Wooster,1,18,4/3/15,D3_WOMEN
17,18,Lehigh,,-,4/3/15,D3_WOMEN
18,19,John Brown,6,25,4/3/15,D3_WOMEN
19,20,Swarthmore,-1,19,4/3/15,D3_WOMEN
20,21,Messiah,-6,15,4/3/15,D3_WOMEN
21,22,Pacific Lutheran,1,23,4/3/15,D3_WOMEN
22,23,Ohio Wesleyan,,-,4/3/15,D3_WOMEN
23,24,UNC Asheville,,-,4/3/15,D3_WOMEN
24,25,Georgia College,-3,22,4/3/15,D3_WOMEN
0,1,Truman State,,,4/3/15,D3_WOMEN
1,2,Rice,,,4/3/15,D3_WOMEN
2,3,Williams,,,4/3/15,D3_WOMEN
3,4,Wake Forest,,,4/3/15,D3_WOMEN
4,5,Claremont,,,4/3/15,D3_WOMEN
5,6,Haverford and Bryn Mawr,,,4/3/15,D3_WOMEN
6,7,Bowdoin,,,4/3/15,D3_WOMEN
7,8,Grinnell,,,4/3/15,D3_WOMEN
8,9,St. Olaf,,,4/3/15,D3_WOMEN
9,10,Puget Sound,,,4/3/15,D3_WOMEN
10,11,Davidson,,,4/3/15,D3_WOMEN
11,12,Valparaiso,,,4/3/15,D3_WOMEN
12,13,Carleton Eclipse,,,4/3/15,D3_WOMEN
13,14,St. Benedict,,,4/3/15,D3_WOMEN
14,15,Messiah,,,4/3/15,D3_WOMEN
15,16,Harding,,,4/3/15,D3_WOMEN
16,17,Elon,,,4/3/15,D3_WOMEN
17,18,Wooster,,,4/3/15,D3_WOMEN
18,19,Swarthmore,,,4/3/15,D3_WOMEN
19,20,Luther,,,4/3/15,D3_WOMEN
20,21,Mount Holyoke,,,4/3/15,D3_WOMEN
21,22,Georgia College,,,4/3/15,D3_WOMEN
22,23,Pacific Lutheran,,,4/3/15,D3_WOMEN
23,24,Richmond,,,4/3/15,D3_WOMEN
24,25,John Brown,,,4/3/15,D3_WOMEN
0,1,Rice,-,1,3/24/14,D3_WOMEN
1,2,Carleton Eclipse,1,3,3/24/14,D3_WOMEN
2,3,Pacific Lutheran,1,4,3/24/14,D3_WOMEN
3,4,Bowdoin,-2,2,3/24/14,D3_WOMEN
4,5,St. Benedict,2,7,3/24/14,D3_WOMEN
5,6,Williams,-1,5,3/24/14,D3_WOMEN
6,7,Valparaiso,-1,6,3/24/14,D3_WOMEN
7,8,Princeton,1,9,3/24/14,D3_WOMEN
8,9,Elon,1,10,3/24/14,D3_WOMEN
9,10,Georgia College,1,11,3/24/14,D3_WOMEN
10,11,Harding,1,12,3/24/14,D3_WOMEN
11,12,St. Olaf,1,13,3/24/14,D3_WOMEN
12,13,Truman State,-5,8,3/24/14,D3_WOMEN
13,14,Lehigh,-,14,3/24/14,D3_WOMEN
14,15,Bentley,-,15,3/24/14,D3_WOMEN
15,16,Drake,,-,3/24/14,D3_WOMEN
16,17,Claremont,-1,16,3/24/14,D3_WOMEN
17,18,Stonehill,,-,3/24/14,D3_WOMEN
18,19,Richmond,-2,17,3/24/14,D3_WOMEN
19,20,Mary Washington,-2,18,3/24/14,D3_WOMEN
20,21,Davidson,-2,19,3/24/14,D3_WOMEN
21,22,Haverford and Bryn Mawr,-2,20,3/24/14,D3_WOMEN
22,23,Grinnell,-2,21,3/24/14,D3_WOMEN
23,24,Wellesley,-2,22,3/24/14,D3_WOMEN
24,25,Mount Holyoke,,-,3/24/14,D3_WOMEN
0,1,Rice,,,3/24/14,D3_WOMEN
1,2,Bowdoin,,,3/24/14,D3_WOMEN
2,3,Carleton Eclipse,,,3/24/14,D3_WOMEN
3,4,Pacific Lutheran,,,3/24/14,D3_WOMEN
4,5,Williams,,,3/24/14,D3_WOMEN
5,6,Valparaiso,,,3/24/14,D3_WOMEN
6,7,St. Benedict,,,3/24/14,D3_WOMEN
7,8,Truman State,,,3/24/14,D3_WOMEN
8,9,Princeton,,,3/24/14,D3_WOMEN
9,10,Elon,,,3/24/14,D3_WOMEN
10,11,Georgia College,,,3/24/14,D3_WOMEN
11,12,Harding,,,3/24/14,D3_WOMEN
12,13,St. Olaf,,,3/24/14,D3_WOMEN
13,14,Lehigh,,,3/24/14,D3_WOMEN
14,15,Bentley,,,3/24/14,D3_WOMEN
15,16,Claremont,,,3/24/14,D3_WOMEN
16,17,Richmond,,,3/24/14,D3_WOMEN
17,18,Mary Washington,,,3/24/14,D3_WOMEN
18,19,Davidson,,,3/24/14,D3_WOMEN
19,20,Haverford and Bryn Mawr,,,3/24/14,D3_WOMEN
20,21,Grinnell,,,3/24/14,D3_WOMEN
21,22,Wellesley,,,3/24/14,D3_WOMEN
22,23,Smith,,,3/24/14,D3_WOMEN
23,24,Williamette,,,3/24/14,D3_WOMEN
24,25,Amherst,,,3/24/14,D3_WOMEN