,Rank,Team,Change,Prior,Date,Division
0,1,Raleigh Ring Of Fire,+2,3,2021-11-03,CLUB_MEN
1,2,New York PoNY,+7,9,2021-11-03,CLUB_MEN
2,3,Seattle Sockeye,-2,1,2021-11-03,CLUB_MEN
3,4,Portland Rhino Slam!,+2,6,2021-11-03,CLUB_MEN
4,5,Washington DC Truck Stop,-,5,2021-11-03,CLUB_MEN
5,6,Chicago Machine,-4,2,2021-11-03,CLUB_MEN
6,7,San Francisco Revolver,-,7,2021-11-03,CLUB_MEN
7,8,Atlanta Chain Lightning,-4,4,2021-11-03,CLUB_MEN
8,9,Denver Johnny Bravo,+1,10,2021-11-03,CLUB_MEN
9,10,Boston Dig,+4,14,2021-11-03,CLUB_MEN
10,11,SoCal Condors,-,11,2021-11-03,CLUB_MEN
11,12,Pittsburgh Temper,-,12,2021-11-03,CLUB_MEN
12,13,Utah Killjoys,+3,16,2021-11-03,CLUB_MEN
13,14,Minneapolis Sub Zero,-6,8,2021-11-03,CLUB_MEN
14,15,Boulder Lotus,-2,13,2021-11-03,CLUB_MEN
15,16,Austin Doublewide,-1,15,2021-11-03,CLUB_MEN
16,17,Amherst Sprout,-,17,2021-11-03,CLUB_MEN
17,18,Virginia Vault,-,18,2021-11-03,CLUB_MEN
18,19,Madison Mad Men,-,19,2021-11-03,CLUB_MEN
19,20,Tennessee Tanasi,-,20,2021-11-03,CLUB_MEN
20,21,Philadelphia Phantom,-,21,2021-11-03,CLUB_MEN
21,22,Raleigh-Durham United,-,22,2021-11-03,CLUB_MEN
22,23,Seattle Emerald City,-,23,2021-11-03,CLUB_MEN
23,24,New Jersey Garden State Ultimate,-,24,2021-11-03,CLUB_MEN
24,25,Raleigh Expendables,-,25,2021-11-03,CLUB_MEN
0,1,Seattle Sockeye,-,1,2021-11-03,CLUB_MEN
1,2,Chicago Machine,-,2,2021-11-03,CLUB_MEN
2,3,Raleigh Ring Of Fire,+1,4,2021-11-03,CLUB_MEN
3,4,Atlanta Chain Lightning,+1,5,2021-11-03,CLUB_MEN
4,5,Washington DC Truck Stop,+1,6,2021-11-03,CLUB_MEN
5,6,Portland Rhino Slam!,+1,7,2021-11-03,CLUB_MEN
6,7,San Francisco Revolver,-4,3,2021-11-03,CLUB_MEN
7,8,Minneapolis Sub Zero,-,8,2021-11-03,CLUB_MEN
8,9,New York PoNY,-,9,2021-11-03,CLUB_MEN
9,10,Denver Johnny Bravo,-,10,2021-11-03,CLUB_MEN
10,11,SoCal Condors,+1,12,2021-11-03,CLUB_MEN
11,12,Pittsburgh Temper,-1,11,2021-11-03,CLUB_MEN
12,13,Boulder Lotus,-,13,2021-11-03,CLUB_MEN
13,14,Boston Dig,-,14,2021-11-03,CLUB_MEN
14,15,Austin Doublewide,-,15,2021-11-03,CLUB_MEN
15,16,Utah Killjoys,-,16,2021-11-03,CLUB_MEN
16,17,Amherst Sprout,-,17,2021-11-03,CLUB_MEN
17,18,Virginia Vault,-,18,2021-11-03,CLUB_MEN
18,19,Madison Mad Men,-,19,2021-11-03,CLUB_MEN
19,20,Tennessee Tanasi,-,20,2021-11-03,CLUB_MEN
20,21,Philadelphia Phantom,-,21,2021-11-03,CLUB_MEN
21,22,Raleigh-Durham United,+2,24,2021-11-03,CLUB_MEN
22,23,Seattle Emerald City,-1,22,2021-11-03,CLUB_MEN
23,24,New Jersey Garden State Ultimate,+1,25,2021-11-03,CLUB_MEN
24,25,Raleigh Expendables,-2,23,2021-11-03,CLUB_MEN
0,1,Seattle Sockeye,-,1,2021-11-03,CLUB_MEN
1,2,Chicago Machine,-,2,2021-11-03,CLUB_MEN
2,3,San Francisco Revolver,-,3,2021-11-03,CLUB_MEN
3,4,Raleigh Ring Of Fire,-,4,2021-11-03,CLUB_MEN
4,5,Atlanta Chain Lightning,-,5,2021-11-03,CLUB_MEN
5,6,Washington DC Truck Stop,-,6,2021-11-03,CLUB_MEN
6,7,Portland Rhino Slam!,-,7,2021-11-03,CLUB_MEN
7,8,Minneapolis Sub Zero,-,8,2021-11-03,CLUB_MEN
8,9,New York PoNY,+2,11,2021-11-03,CLUB_MEN
9,10,Denver Johnny Bravo,-1,9,2021-11-03,CLUB_MEN
10,11,Pittsburgh Temper,-1,10,2021-11-03,CLUB_MEN
11,12,SoCal Condors,-,12,2021-11-03,CLUB_MEN
12,13,Boulder Lotus,+1,14,2021-11-03,CLUB_MEN
13,14,Boston Dig,+1,15,2021-11-03,CLUB_MEN
14,15,Austin Doublewide,-2,13,2021-11-03,CLUB_MEN
15,16,Utah Killjoys,+3,19,2021-11-03,CLUB_MEN
16,17,Amherst Sprout,-1,16,2021-11-03,CLUB_MEN
17,18,Virginia Vault,-1,17,2021-11-03,CLUB_MEN
18,19,Madison Mad Men,-1,18,2021-11-03,CLUB_MEN
19,20,Tennessee Tanasi,+1,21,2021-11-03,CLUB_MEN
20,21,Philadelphia Phantom,+4,25,2021-11-03,CLUB_MEN
21,22,Seattle Emerald City,-2,20,2021-11-03,CLUB_MEN
22,23,Raleigh Expendables,,-,2021-11-03,CLUB_MEN
23,24,Raleigh-Durham United,-2,22,2021-11-03,CLUB_MEN
24,25,New Jersey Garden State Ultimate,-2,23,2021-11-03,CLUB_MEN
0,1,Seattle Sockeye,-,1,2021-11-03,CLUB_MEN
1,2,Chicago Machine,-,2,2021-11-03,CLUB_MEN
2,3,San Francisco Revolver,-,3,2021-11-03,CLUB_MEN
3,4,Raleigh Ring Of Fire,-,4,2021-11-03,CLUB_MEN
4,5,Atlanta Chain Lightning,-,5,2021-11-03,CLUB_MEN
5,6,Washington DC Truck Stop,-,6,2021-11-03,CLUB_MEN
6,7,Portland Rhino Slam!,-,7,2021-11-03,CLUB_MEN
7,8,Minneapolis Sub Zero,-,8,2021-11-03,CLUB_MEN
8,9,Denver Johnny Bravo,-,9,2021-11-03,CLUB_MEN
9,10,Pittsburgh Temper,-,10,2021-11-03,CLUB_MEN
10,11,New York PoNY,-,11,2021-11-03,CLUB_MEN
11,12,SoCal Condors,-,12,2021-11-03,CLUB_MEN
12,13,Austin Doublewide,-,13,2021-11-03,CLUB_MEN
13,14,Boulder Lotus,-,14,2021-11-03,CLUB_MEN
14,15,Boston Dig,-,15,2021-11-03,CLUB_MEN
15,16,Amherst Sprout,-,16,2021-11-03,CLUB_MEN
16,17,Virginia Vault,-,17,2021-11-03,CLUB_MEN
17,18,Madison Mad Men,-,18,2021-11-03,CLUB_MEN
18,19,Utah Killjoys,-,19,2021-11-03,CLUB_MEN
19,20,Seattle Emerald City,-,20,2021-11-03,CLUB_MEN
20,21,Tennessee Tanasi,-,21,2021-11-03,CLUB_MEN
21,22,Raleigh-Durham United,-,22,2021-11-03,CLUB_MEN
22,23,New Jersey Garden State Ultimate,-,23,2021-11-03,CLUB_MEN
23,24,Philadelphia Phoenix FC,-,24,2021-11-03,CLUB_MEN
24,25,Philadelphia Phantom,-,25,2021-11-03,CLUB_MEN
0,1,Seattle Sockeye,-,1,2021-11-03,CLUB_MEN
1,2,Chicago Machine,-,2,2021-11-03,CLUB_MEN
2,3,San Francisco Revolver,-,3,2021-11-03,CLUB_MEN
3,4,Raleigh Ring Of Fire,-,4,2021-11-03,CLUB_MEN
4,5,Atlanta Chain Lightning,-,5,2021-11-03,CLUB_MEN
5,6,Washington DC Truck Stop,+1,7,2021-11-03,CLUB_MEN
6,7,Portland Rhino Slam!,+1,8,2021-11-03,CLUB_MEN
7,8,Minneapolis Sub Zero,-2,6,2021-11-03,CLUB_MEN
8,9,Denver Johnny Bravo,-,9,2021-11-03,CLUB_MEN
9,10,Pittsburgh Temper,-,10,2021-11-03,CLUB_MEN
10,11,New York PoNY,-,11,2021-11-03,CLUB_MEN
11,12,SoCal Condors,-,12,2021-11-03,CLUB_MEN
12,13,Austin Doublewide,-,13,2021-11-03,CLUB_MEN
13,14,Boulder Lotus,-,14,2021-11-03,CLUB_MEN
14,15,Boston Dig,-,15,2021-11-03,CLUB_MEN
15,16,Amherst Sprout,-,16,2021-11-03,CLUB_MEN
16,17,Virginia Vault,-,17,2021-11-03,CLUB_MEN
17,18,Madison Mad Men,-,18,2021-11-03,CLUB_MEN
18,19,Utah Killjoys,-,19,2021-11-03,CLUB_MEN
19,20,Seattle Emerald City,+1,21,2021-11-03,CLUB_MEN
20,21,Tennessee Tanasi,+1,22,2021-11-03,CLUB_MEN
21,22,Raleigh-Durham United,+1,23,2021-11-03,CLUB_MEN
22,23,New Jersey Garden State Ultimate,+2,25,2021-11-03,CLUB_MEN
23,24,Philadelphia Phoenix FC,-4,20,2021-11-03,CLUB_MEN
24,25,Philadelphia Phantom,,-,2021-11-03,CLUB_MEN
0,1,Seattle Sockeye,-,1,2021-11-03,CLUB_MEN
1,2,Chicago Machine,-,2,2021-11-03,CLUB_MEN
2,3,San Francisco Revolver,+3,6,2021-11-03,CLUB_MEN
3,4,Raleigh Ring Of Fire,-1,3,2021-11-03,CLUB_MEN
4,5,Atlanta Chain Lightning,-1,4,2021-11-03,CLUB_MEN
5,6,Minneapolis Sub Zero,-1,5,2021-11-03,CLUB_MEN
6,7,Washington DC Truck Stop,+2,9,2021-11-03,CLUB_MEN
7,8,Portland Rhino Slam!,+2,10,2021-11-03,CLUB_MEN
8,9,Denver Johnny Bravo,-1,8,2021-11-03,CLUB_MEN
9,10,Pittsburgh Temper,+6,16,2021-11-03,CLUB_MEN
10,11,New York PoNY,-4,7,2021-11-03,CLUB_MEN
11,12,SoCal Condors,-1,11,2021-11-03,CLUB_MEN
12,13,Austin Doublewide,-,13,2021-11-03,CLUB_MEN
13,14,Boulder Lotus,+3,17,2021-11-03,CLUB_MEN
14,15,Boston Dig,-3,12,2021-11-03,CLUB_MEN
15,16,Amherst Sprout,-2,14,2021-11-03,CLUB_MEN
16,17,Virginia Vault,-2,15,2021-11-03,CLUB_MEN
17,18,Madison Mad Men,-,18,2021-11-03,CLUB_MEN
18,19,Utah Killjoys,-,19,2021-11-03,CLUB_MEN
19,20,Philadelphia Phoenix FC,-,20,2021-11-03,CLUB_MEN
20,21,Seattle Emerald City,-,21,2021-11-03,CLUB_MEN
21,22,Tennessee Tanasi,-,22,2021-11-03,CLUB_MEN
22,23,Raleigh-Durham United,+1,24,2021-11-03,CLUB_MEN
23,24,Houston H.I.P.,+1,25,2021-11-03,CLUB_MEN
24,25,New Jersey Garden State Ultimate,,-,2021-11-03,CLUB_MEN
0,1,Seattle Sockeye,-,1,2021-11-03,CLUB_MEN
1,2,Chicago Machine,-,2,2021-11-03,CLUB_MEN
2,3,Raleigh Ring Of Fire,-,3,2021-11-03,CLUB_MEN
3,4,Atlanta Chain Lightning,-,4,2021-11-03,CLUB_MEN
4,5,Minneapolis Sub Zero,-,5,2021-11-03,CLUB_MEN
5,6,San Francisco Revolver,-,6,2021-11-03,CLUB_MEN
6,7,New York PoNY,-,7,2021-11-03,CLUB_MEN
7,8,Denver Johnny Bravo,-,8,2021-11-03,CLUB_MEN
8,9,Washington DC Truck Stop,-,9,2021-11-03,CLUB_MEN
9,10,Portland Rhino Slam!,-,10,2021-11-03,CLUB_MEN
10,11,SoCal Condors,-,11,2021-11-03,CLUB_MEN
11,12,Boston Dig,-,12,2021-11-03,CLUB_MEN
12,13,Austin Doublewide,+1,14,2021-11-03,CLUB_MEN
13,14,Amherst Sprout,+1,15,2021-11-03,CLUB_MEN
14,15,Virginia Vault,+1,16,2021-11-03,CLUB_MEN
15,16,Pittsburgh Temper,+1,17,2021-11-03,CLUB_MEN
16,17,Boulder Lotus,+2,19,2021-11-03,CLUB_MEN
17,18,Madison Mad Men,+2,20,2021-11-03,CLUB_MEN
18,19,Utah Killjoys,+2,21,2021-11-03,CLUB_MEN
19,20,Philadelphia Phoenix FC,+2,22,2021-11-03,CLUB_MEN
20,21,Seattle Emerald City,+2,23,2021-11-03,CLUB_MEN
21,22,Tennessee Tanasi,+2,24,2021-11-03,CLUB_MEN
22,23,Golden Fungi,+2,25,2021-11-03,CLUB_MEN
23,24,Raleigh-Durham United,,-,2021-11-03,CLUB_MEN
24,25,Houston H.I.P.,,-,2021-11-03,CLUB_MEN
0,1,Seattle Sockeye,-,1,2021-11-03,CLUB_MEN
1,2,Chicago Machine,-,2,2021-11-03,CLUB_MEN
2,3,Raleigh Ring Of Fire,-,3,2021-11-03,CLUB_MEN
3,4,Atlanta Chain Lightning,-,4,2021-11-03,CLUB_MEN
4,5,Minneapolis Sub Zero,-,5,2021-11-03,CLUB_MEN
5,6,San Francisco Revolver,-,6,2021-11-03,CLUB_MEN
6,7,New York PoNY,-,7,2021-11-03,CLUB_MEN
7,8,Denver Johnny Bravo,-,8,2021-11-03,CLUB_MEN
8,9,Washington DC Truck Stop,-,9,2021-11-03,CLUB_MEN
9,10,Portland Rhino Slam!,-,10,2021-11-03,CLUB_MEN
10,11,SoCal Condors,-,11,2021-11-03,CLUB_MEN
11,12,Boston Dig,-,12,2021-11-03,CLUB_MEN
12,13,Vancouver Furious George,-,13,2021-11-03,CLUB_MEN
13,14,Austin Doublewide,-,14,2021-11-03,CLUB_MEN
14,15,Amherst Sprout,-,15,2021-11-03,CLUB_MEN
15,16,Virginia Vault,+1,17,2021-11-03,CLUB_MEN
16,17,Pittsburgh Temper,-1,16,2021-11-03,CLUB_MEN
17,18,Toronto GOAT,-,18,2021-11-03,CLUB_MEN
18,19,Boulder Lotus,-,19,2021-11-03,CLUB_MEN
19,20,Madison Mad Men,-,20,2021-11-03,CLUB_MEN
20,21,Utah Killjoys,-,21,2021-11-03,CLUB_MEN
21,22,Philadelphia Phoenix FC,-,22,2021-11-03,CLUB_MEN
22,23,Seattle Emerald City,-,23,2021-11-03,CLUB_MEN
23,24,Tennessee Tanasi,+1,25,2021-11-03,CLUB_MEN
24,25,Golden Fungi,,-,2021-11-03,CLUB_MEN
0,1,Seattle Sockeye,-,1,2021-11-03,CLUB_MEN
1,2,Chicago Machine,-,2,2021-11-03,CLUB_MEN
2,3,Raleigh Ring Of Fire,-,3,2021-11-03,CLUB_MEN
3,4,Atlanta Chain Lightning,-,4,2021-11-03,CLUB_MEN
4,5,Minneapolis Sub Zero,-,5,2021-11-03,CLUB_MEN
5,6,San Francisco Revolver,-,6,2021-11-03,CLUB_MEN
6,7,New York PoNY,-,7,2021-11-03,CLUB_MEN
7,8,Denver Johnny Bravo,-,8,2021-11-03,CLUB_MEN
8,9,Washington DC Truck Stop,-,9,2021-11-03,CLUB_MEN
9,10,Portland Rhino Slam!,-,10,2021-11-03,CLUB_MEN
10,11,SoCal Condors,-,11,2021-11-03,CLUB_MEN
11,12,Boston Dig,-,12,2021-11-03,CLUB_MEN
12,13,Vancouver Furious George,-,13,2021-11-03,CLUB_MEN
13,14,Austin Doublewide,-,14,2021-11-03,CLUB_MEN
14,15,Amherst Sprout,-,15,2021-11-03,CLUB_MEN
15,16,Pittsburgh Temper,-,16,2021-11-03,CLUB_MEN
16,17,Virginia Vault,-,17,2021-11-03,CLUB_MEN
17,18,Toronto GOAT,-,18,2021-11-03,CLUB_MEN
18,19,Boulder Lotus,-,19,2021-11-03,CLUB_MEN
19,20,Madison Mad Men,-,20,2021-11-03,CLUB_MEN
20,21,Utah Killjoys,+3,24,2021-11-03,CLUB_MEN
21,22,Philadelphia Phoenix FC,-1,21,2021-11-03,CLUB_MEN
22,23,Seattle Emerald City,-1,22,2021-11-03,CLUB_MEN
23,24,Tampa Bay UpRoar,-1,23,2021-11-03,CLUB_MEN
24,25,Tennessee Tanasi,-,25,2021-11-03,CLUB_MEN
0,1,Seattle Sockeye,-,1,2021-11-03,CLUB_MEN
1,2,Chicago Machine,-,2,2021-11-03,CLUB_MEN
2,3,Raleigh Ring Of Fire,+1,4,2021-11-03,CLUB_MEN
3,4,Atlanta Chain Lightning,+4,8,2021-11-03,CLUB_MEN
4,5,Minneapolis Sub Zero,+12,17,2021-11-03,CLUB_MEN
5,6,San Francisco Revolver,-1,5,2021-11-03,CLUB_MEN
6,7,New York PoNY,-4,3,2021-11-03,CLUB_MEN
7,8,Denver Johnny Bravo,+1,9,2021-11-03,CLUB_MEN
8,9,Washington DC Truck Stop,+2,11,2021-11-03,CLUB_MEN
9,10,Portland Rhino Slam!,-4,6,2021-11-03,CLUB_MEN
10,11,SoCal Condors,-1,10,2021-11-03,CLUB_MEN
11,12,Boston Dig,-5,7,2021-11-03,CLUB_MEN
12,13,Vancouver Furious George,-1,12,2021-11-03,CLUB_MEN
13,14,Austin Doublewide,-1,13,2021-11-03,CLUB_MEN
14,15,Amherst Sprout,-1,14,2021-11-03,CLUB_MEN
15,16,Pittsburgh Temper,-1,15,2021-11-03,CLUB_MEN
16,17,Virginia Vault,-1,16,2021-11-03,CLUB_MEN
17,18,Toronto GOAT,-,18,2021-11-03,CLUB_MEN
18,19,Boulder Lotus,-,19,2021-11-03,CLUB_MEN
19,20,Madison Mad Men,-,20,2021-11-03,CLUB_MEN
20,21,Philadelphia Phoenix FC,,-,2021-11-03,CLUB_MEN
21,22,Seattle Emerald City,-1,21,2021-11-03,CLUB_MEN
22,23,Tampa Bay UpRoar,+1,24,2021-11-03,CLUB_MEN
23,24,Utah Killjoys,+1,25,2021-11-03,CLUB_MEN
24,25,Tennessee Tanasi,,-,2021-11-03,CLUB_MEN
0,1,Seattle Sockeye,-,1,2021-11-03,CLUB_MEN
1,2,Chicago Machine,-,2,2021-11-03,CLUB_MEN
2,3,New York PoNY,-,3,2021-11-03,CLUB_MEN
3,4,Raleigh Ring Of Fire,-,4,2021-11-03,CLUB_MEN
4,5,San Francisco Revolver,-,5,2021-11-03,CLUB_MEN
5,6,Portland Rhino Slam!,-,6,2021-11-03,CLUB_MEN
6,7,Boston Dig,-,7,2021-11-03,CLUB_MEN
7,8,Atlanta Chain Lightning,-,8,2021-11-03,CLUB_MEN
8,9,Denver Johnny Bravo,-,9,2021-11-03,CLUB_MEN
9,10,SoCal Condors,-,10,2021-11-03,CLUB_MEN
10,11,Washington DC Truck Stop,-,11,2021-11-03,CLUB_MEN
11,12,Vancouver Furious George,-,12,2021-11-03,CLUB_MEN
12,13,Austin Doublewide,-,13,2021-11-03,CLUB_MEN
13,14,Amherst Sprout,-,14,2021-11-03,CLUB_MEN
14,15,Pittsburgh Temper,-,15,2021-11-03,CLUB_MEN
15,16,Virginia Vault,-,16,2021-11-03,CLUB_MEN
16,17,Minneapolis Sub Zero,-,17,2021-11-03,CLUB_MEN
17,18,Toronto GOAT,-,18,2021-11-03,CLUB_MEN
18,19,Boulder Lotus,-,19,2021-11-03,CLUB_MEN
19,20,Madison Mad Men,-,20,2021-11-03,CLUB_MEN
20,21,Seattle Emerald City,-,21,2021-11-03,CLUB_MEN
21,22,Dallas Flash Flood,-,22,2021-11-03,CLUB_MEN
22,23,Philadelphia Phantom,-,23,2021-11-03,CLUB_MEN
23,24,Tampa Bay UpRoar,-,24,2021-11-03,CLUB_MEN
24,25,Utah Killjoys,-,25,2021-11-03,CLUB_MEN
0,1,Seattle Sockeye,-,1,2021-11-03,CLUB_MEN
1,2,Chicago Machine,-,2,2021-11-03,CLUB_MEN
2,3,New York PoNY,-,3,2021-11-03,CLUB_MEN
3,4,Raleigh Ring Of Fire,-,4,2021-11-03,CLUB_MEN
4,5,San Francisco Revolver,-,5,2021-11-03,CLUB_MEN
5,6,Portland Rhino Slam!,-,6,2021-11-03,CLUB_MEN
6,7,Boston Dig,-,7,2021-11-03,CLUB_MEN
7,8,Atlanta Chain Lightning,-,8,2021-11-03,CLUB_MEN
8,9,Denver Johnny Bravo,-,9,2021-11-03,CLUB_MEN
9,10,SoCal Condors,+1,11,2021-11-03,CLUB_MEN
10,11,Washington DC Truck Stop,-1,10,2021-11-03,CLUB_MEN
11,12,Vancouver Furious George,-,12,2021-11-03,CLUB_MEN
12,13,Austin Doublewide,-,13,2021-11-03,CLUB_MEN
13,14,Amherst Sprout,-,14,2021-11-03,CLUB_MEN
14,15,Pittsburgh Temper,+1,16,2021-11-03,CLUB_MEN
15,16,Virginia Vault,+2,18,2021-11-03,CLUB_MEN
16,17,Minneapolis Sub Zero,-2,15,2021-11-03,CLUB_MEN
17,18,Toronto GOAT,-1,17,2021-11-03,CLUB_MEN
18,19,Boulder Lotus,-,19,2021-11-03,CLUB_MEN
19,20,Madison Mad Men,,-,2021-11-03,CLUB_MEN
20,21,Seattle Emerald City,-1,20,2021-11-03,CLUB_MEN
21,22,Dallas Flash Flood,-1,21,2021-11-03,CLUB_MEN
22,23,Philadelphia Phantom,-1,22,2021-11-03,CLUB_MEN
23,24,Tampa Bay UpRoar,-,24,2021-11-03,CLUB_MEN
24,25,Utah Killjoys,-,25,2021-11-03,CLUB_MEN
0,1,Seattle Sockeye,-,1,2021-11-03,CLUB_MEN
1,2,Chicago Machine,-,2,2021-11-03,CLUB_MEN
2,3,New York PoNY,-,3,2021-11-03,CLUB_MEN
3,4,Raleigh Ring Of Fire,-,4,2021-11-03,CLUB_MEN
4,5,San Francisco Revolver,-,5,2021-11-03,CLUB_MEN
5,6,Portland Rhino Slam!,-,6,2021-11-03,CLUB_MEN
6,7,Boston Dig,+1,8,2021-11-03,CLUB_MEN
7,8,Atlanta Chain Lightning,-1,7,2021-11-03,CLUB_MEN
8,9,Denver Johnny Bravo,-,9,2021-11-03,CLUB_MEN
9,10,Washington DC Truck Stop,-,10,2021-11-03,CLUB_MEN
10,11,SoCal Condors,-,11,2021-11-03,CLUB_MEN
11,12,Vancouver Furious George,-,12,2021-11-03,CLUB_MEN
12,13,Austin Doublewide,-,13,2021-11-03,CLUB_MEN
13,14,Amherst Sprout,+2,16,2021-11-03,CLUB_MEN
14,15,Minneapolis Sub Zero,-1,14,2021-11-03,CLUB_MEN
15,16,Pittsburgh Temper,-1,15,2021-11-03,CLUB_MEN
16,17,Toronto GOAT,-,17,2021-11-03,CLUB_MEN
17,18,Virginia Vault,-,18,2021-11-03,CLUB_MEN
18,19,Boulder Lotus,-,19,2021-11-03,CLUB_MEN
19,20,Seattle Emerald City,-,20,2021-11-03,CLUB_MEN
20,21,Dallas Flash Flood,-,21,2021-11-03,CLUB_MEN
21,22,Philadelphia Phantom,-,22,2021-11-03,CLUB_MEN
22,23,Indianapolis Brickyard,-,23,2021-11-03,CLUB_MEN
23,24,Tampa Bay UpRoar,-,24,2021-11-03,CLUB_MEN
24,25,Utah Killjoys,-,25,2021-11-03,CLUB_MEN
0,1,Seattle Sockeye,-,1,2021-11-03,CLUB_MEN
1,2,Chicago Machine,-,2,2021-11-03,CLUB_MEN
2,3,New York PoNY,+1,4,2021-11-03,CLUB_MEN
3,4,Raleigh Ring Of Fire,-1,3,2021-11-03,CLUB_MEN
4,5,San Francisco Revolver,-,5,2021-11-03,CLUB_MEN
5,6,Portland Rhino Slam!,-,6,2021-11-03,CLUB_MEN
6,7,Atlanta Chain Lightning,-,7,2021-11-03,CLUB_MEN
7,8,Boston Dig,-,8,2021-11-03,CLUB_MEN
8,9,Denver Johnny Bravo,+2,11,2021-11-03,CLUB_MEN
9,10,Washington DC Truck Stop,-1,9,2021-11-03,CLUB_MEN
10,11,SoCal Condors,+1,12,2021-11-03,CLUB_MEN
11,12,Vancouver Furious George,-2,10,2021-11-03,CLUB_MEN
12,13,Austin Doublewide,-,13,2021-11-03,CLUB_MEN
13,14,Minneapolis Sub Zero,-,14,2021-11-03,CLUB_MEN
14,15,Pittsburgh Temper,-,15,2021-11-03,CLUB_MEN
15,16,Amherst Sprout,-,16,2021-11-03,CLUB_MEN
16,17,Toronto GOAT,-,17,2021-11-03,CLUB_MEN
17,18,Virginia Vault,-,18,2021-11-03,CLUB_MEN
18,19,Boulder Lotus,+2,21,2021-11-03,CLUB_MEN
19,20,Seattle Emerald City,-1,19,2021-11-03,CLUB_MEN
20,21,Dallas Flash Flood,-1,20,2021-11-03,CLUB_MEN
21,22,Philadelphia Phantom,-,22,2021-11-03,CLUB_MEN
22,23,Indianapolis Brickyard,-,23,2021-11-03,CLUB_MEN
23,24,Tampa Bay UpRoar,-,24,2021-11-03,CLUB_MEN
24,25,Utah Killjoys,,-,2021-11-03,CLUB_MEN
0,1,Seattle Sockeye,,,2021-11-03,CLUB_MEN
1,2,Chicago Machine,,,2021-11-03,CLUB_MEN
2,3,Raleigh Ring Of Fire,,,2021-11-03,CLUB_MEN
3,4,New York PoNY,,,2021-11-03,CLUB_MEN
4,5,San Francisco Revolver,,,2021-11-03,CLUB_MEN
5,6,Portland Rhino Slam!,,,2021-11-03,CLUB_MEN
6,7,Atlanta Chain Lightning,,,2021-11-03,CLUB_MEN
7,8,Boston Dig,,,2021-11-03,CLUB_MEN
8,9,Washington DC Truck Stop,,,2021-11-03,CLUB_MEN
9,10,Vancouver Furious George,,,2021-11-03,CLUB_MEN
10,11,Denver Johnny Bravo,,,2021-11-03,CLUB_MEN
11,12,SoCal Condors,,,2021-11-03,CLUB_MEN
12,13,Austin Doublewide,,,2021-11-03,CLUB_MEN
13,14,Minneapolis Sub Zero,,,2021-11-03,CLUB_MEN
14,15,Pittsburgh Temper,,,2021-11-03,CLUB_MEN
15,16,Amherst Sprout,,,2021-11-03,CLUB_MEN
16,17,Toronto GOAT,,,2021-11-03,CLUB_MEN
17,18,Virginia Vault,,,2021-11-03,CLUB_MEN
18,19,Seattle Emerald City,,,2021-11-03,CLUB_MEN
19,20,Dallas Flash Flood,,,2021-11-03,CLUB_MEN
20,21,Boulder Lotus,,,2021-11-03,CLUB_MEN
21,22,Philadelphia Phantom,,,2021-11-03,CLUB_MEN
22,23,Indianapolis Brickyard,,,2021-11-03,CLUB_MEN
23,24,Tampa Bay UpRoar,,,2021-11-03,CLUB_MEN
24,25,Raleigh-Durham United,,,2021-11-03,CLUB_MEN
0,1,Seattle Sockeye,-,1,2019-11-20,CLUB_MEN
1,2,Chicago Machine,+3,5,2019-11-20,CLUB_MEN
2,3,Raleigh Ring Of Fire,-1,2,2019-11-20,CLUB_MEN
3,4,New York PoNY,-1,3,2019-11-20,CLUB_MEN
4,5,Washington DC Truck Stop,+2,7,2019-11-20,CLUB_MEN
5,6,San Francisco Revolver,-2,4,2019-11-20,CLUB_MEN
6,7,Minneapolis Sub Zero,-1,6,2019-11-20,CLUB_MEN
7,8,Portland Rhino Slam!,+7,15,2019-11-20,CLUB_MEN
8,9,Austin Doublewide,-,9,2019-11-20,CLUB_MEN
9,10,Boston Dig,-2,8,2019-11-20,CLUB_MEN
10,11,SoCal Condors,-1,10,2019-11-20,CLUB_MEN
11,12,Vancouver Furious George,-1,11,2019-11-20,CLUB_MEN
12,13,Toronto GOAT,-1,12,2019-11-20,CLUB_MEN
13,14,Pittsburgh Temper,-,14,2019-11-20,CLUB_MEN
14,15,Denver Johnny Bravo,-2,13,2019-11-20,CLUB_MEN
15,16,Atlanta Chain Lightning,-,16,2019-11-20,CLUB_MEN
16,17,Amherst Sprout,-,17,2019-11-20,CLUB_MEN
17,18,Seattle Voodoo,-,18,2019-11-20,CLUB_MEN
18,19,Madison Yogosbo,-,19,2019-11-20,CLUB_MEN
19,20,Virginia Vault,-,20,2019-11-20,CLUB_MEN
20,21,Philadelphia Patrol,-,21,2019-11-20,CLUB_MEN
21,22,Cleveland Smokestack,-,22,2019-11-20,CLUB_MEN
22,23,Indianapolis Brickyard,-,23,2019-11-20,CLUB_MEN
23,24,Winnipeg General Strike,-,24,2019-11-20,CLUB_MEN
24,25,Denver Inception,-,25,2019-11-20,CLUB_MEN
0,1,Seattle Sockeye,+1,2,2019-11-20,CLUB_MEN
1,2,Raleigh Ring Of Fire,+1,3,2019-11-20,CLUB_MEN
2,3,New York PoNY,-2,1,2019-11-20,CLUB_MEN
3,4,San Francisco Revolver,-,4,2019-11-20,CLUB_MEN
4,5,Chicago Machine,-,5,2019-11-20,CLUB_MEN
5,6,Minneapolis Sub Zero,-,6,2019-11-20,CLUB_MEN
6,7,Washington DC Truck Stop,-,7,2019-11-20,CLUB_MEN
7,8,Boston Dig,+4,12,2019-11-20,CLUB_MEN
8,9,Austin Doublewide,+4,13,2019-11-20,CLUB_MEN
9,10,SoCal Condors,-1,9,2019-11-20,CLUB_MEN
10,11,Vancouver Furious George,-1,10,2019-11-20,CLUB_MEN
11,12,Toronto GOAT,-4,8,2019-11-20,CLUB_MEN
12,13,Denver Johnny Bravo,-2,11,2019-11-20,CLUB_MEN
13,14,Pittsburgh Temper,-,14,2019-11-20,CLUB_MEN
14,15,Portland Rhino Slam!,-,15,2019-11-20,CLUB_MEN
15,16,Atlanta Chain Lightning,+1,17,2019-11-20,CLUB_MEN
16,17,Amherst Sprout,+1,18,2019-11-20,CLUB_MEN
17,18,Seattle Voodoo,+1,19,2019-11-20,CLUB_MEN
18,19,Madison Yogosbo,+1,20,2019-11-20,CLUB_MEN
19,20,Virginia Vault,+1,21,2019-11-20,CLUB_MEN
20,21,Philadelphia Patrol,-5,16,2019-11-20,CLUB_MEN
21,22,Cleveland Smokestack,+1,23,2019-11-20,CLUB_MEN
22,23,Indianapolis Brickyard,-1,22,2019-11-20,CLUB_MEN
23,24,Winnipeg General Strike,-,24,2019-11-20,CLUB_MEN
24,25,Denver Inception,,-,2019-11-20,CLUB_MEN
0,1,New York PoNY,-,1,2019-11-20,CLUB_MEN
1,2,Seattle Sockeye,-,2,2019-11-20,CLUB_MEN
2,3,Raleigh Ring Of Fire,-,3,2019-11-20,CLUB_MEN
3,4,San Francisco Revolver,-,4,2019-11-20,CLUB_MEN
4,5,Chicago Machine,-,5,2019-11-20,CLUB_MEN
5,6,Minneapolis Sub Zero,-,6,2019-11-20,CLUB_MEN
6,7,Washington DC Truck Stop,-,7,2019-11-20,CLUB_MEN
7,8,Toronto GOAT,+1,9,2019-11-20,CLUB_MEN
8,9,SoCal Condors,+1,10,2019-11-20,CLUB_MEN
9,10,Vancouver Furious George,-2,8,2019-11-20,CLUB_MEN
10,11,Denver Johnny Bravo,-,11,2019-11-20,CLUB_MEN
11,12,Boston Dig,-,12,2019-11-20,CLUB_MEN
12,13,Austin Doublewide,-,13,2019-11-20,CLUB_MEN
13,14,Pittsburgh Temper,-,14,2019-11-20,CLUB_MEN
14,15,Portland Rhino Slam!,-,15,2019-11-20,CLUB_MEN
15,16,Philadelphia Patrol,-,16,2019-11-20,CLUB_MEN
16,17,Atlanta Chain Lightning,-,17,2019-11-20,CLUB_MEN
17,18,Amherst Sprout,-,18,2019-11-20,CLUB_MEN
18,19,Seattle Voodoo,+2,21,2019-11-20,CLUB_MEN
19,20,Madison Yogosbo,+2,22,2019-11-20,CLUB_MEN
20,21,Virginia Vault,+2,23,2019-11-20,CLUB_MEN
21,22,Indianapolis Brickyard,+2,24,2019-11-20,CLUB_MEN
22,23,Cleveland Smokestack,-4,19,2019-11-20,CLUB_MEN
23,24,Winnipeg General Strike,-4,20,2019-11-20,CLUB_MEN
24,25,Houston H.I.P.,,-,2019-11-20,CLUB_MEN
0,1,New York PoNY,+1,2,2019-11-20,CLUB_MEN
1,2,Seattle Sockeye,-1,1,2019-11-20,CLUB_MEN
2,3,Raleigh Ring Of Fire,+1,4,2019-11-20,CLUB_MEN
3,4,San Francisco Revolver,+1,5,2019-11-20,CLUB_MEN
4,5,Chicago Machine,+7,12,2019-11-20,CLUB_MEN
5,6,Minneapolis Sub Zero,+3,9,2019-11-20,CLUB_MEN
6,7,Washington DC Truck Stop,-4,3,2019-11-20,CLUB_MEN
7,8,Vancouver Furious George,-1,7,2019-11-20,CLUB_MEN
8,9,Toronto GOAT,-1,8,2019-11-20,CLUB_MEN
9,10,SoCal Condors,-,10,2019-11-20,CLUB_MEN
10,11,Denver Johnny Bravo,-,11,2019-11-20,CLUB_MEN
11,12,Boston Dig,+2,14,2019-11-20,CLUB_MEN
12,13,Austin Doublewide,-7,6,2019-11-20,CLUB_MEN
13,14,Pittsburgh Temper,-1,13,2019-11-20,CLUB_MEN
14,15,Portland Rhino Slam!,-,15,2019-11-20,CLUB_MEN
15,16,Philadelphia Patrol,-,16,2019-11-20,CLUB_MEN
16,17,Atlanta Chain Lightning,-,17,2019-11-20,CLUB_MEN
17,18,Amherst Sprout,-,18,2019-11-20,CLUB_MEN
18,19,Cleveland Smokestack,-,19,2019-11-20,CLUB_MEN
19,20,Winnipeg General Strike,-,20,2019-11-20,CLUB_MEN
20,21,Seattle Voodoo,-,21,2019-11-20,CLUB_MEN
21,22,Madison Yogosbo,-,22,2019-11-20,CLUB_MEN
22,23,Virginia Vault,-,23,2019-11-20,CLUB_MEN
23,24,Indianapolis Brickyard,-,24,2019-11-20,CLUB_MEN
24,25,Dallas Nitro,-,25,2019-11-20,CLUB_MEN
0,1,Seattle Sockeye,-,1,2019-11-20,CLUB_MEN
1,2,New York PoNY,-,2,2019-11-20,CLUB_MEN
2,3,Washington DC Truck Stop,-,3,2019-11-20,CLUB_MEN
3,4,Raleigh Ring Of Fire,-,4,2019-11-20,CLUB_MEN
4,5,San Francisco Revolver,-,5,2019-11-20,CLUB_MEN
5,6,Austin Doublewide,-,6,2019-11-20,CLUB_MEN
6,7,Vancouver Furious George,-,7,2019-11-20,CLUB_MEN
7,8,Toronto GOAT,-,8,2019-11-20,CLUB_MEN
8,9,Minneapolis Sub Zero,-,9,2019-11-20,CLUB_MEN
9,10,SoCal Condors,-,10,2019-11-20,CLUB_MEN
10,11,Denver Johnny Bravo,-,11,2019-11-20,CLUB_MEN
11,12,Chicago Machine,-,12,2019-11-20,CLUB_MEN
12,13,Pittsburgh Temper,-,13,2019-11-20,CLUB_MEN
13,14,Boston Dig,-,14,2019-11-20,CLUB_MEN
14,15,Portland Rhino Slam!,-,15,2019-11-20,CLUB_MEN
15,16,Philadelphia Patrol,-,16,2019-11-20,CLUB_MEN
16,17,Atlanta Chain Lightning,-,17,2019-11-20,CLUB_MEN
17,18,Amherst Sprout,-,18,2019-11-20,CLUB_MEN
18,19,Cleveland Smokestack,-,19,2019-11-20,CLUB_MEN
19,20,Winnipeg General Strike,-,20,2019-11-20,CLUB_MEN
20,21,Seattle Voodoo,-,21,2019-11-20,CLUB_MEN
21,22,Madison Yogosbo,-,22,2019-11-20,CLUB_MEN
22,23,Virginia Vault,-,23,2019-11-20,CLUB_MEN
23,24,Indianapolis Brickyard,-,24,2019-11-20,CLUB_MEN
24,25,Dallas Nitro,-,25,2019-11-20,CLUB_MEN
0,1,Seattle Sockeye,-,1,2019-11-20,CLUB_MEN
1,2,New York PoNY,-,2,2019-11-20,CLUB_MEN
2,3,Washington DC Truck Stop,-,3,2019-11-20,CLUB_MEN
3,4,Raleigh Ring Of Fire,-,4,2019-11-20,CLUB_MEN
4,5,San Francisco Revolver,-,5,2019-11-20,CLUB_MEN
5,6,Austin Doublewide,-,6,2019-11-20,CLUB_MEN
6,7,Vancouver Furious George,-,7,2019-11-20,CLUB_MEN
7,8,Toronto GOAT,-,8,2019-11-20,CLUB_MEN
8,9,Minneapolis Sub Zero,-,9,2019-11-20,CLUB_MEN
9,10,SoCal Condors,+3,13,2019-11-20,CLUB_MEN
10,11,Denver Johnny Bravo,+3,14,2019-11-20,CLUB_MEN
11,12,Chicago Machine,-2,10,2019-11-20,CLUB_MEN
12,13,Pittsburgh Temper,+8,21,2019-11-20,CLUB_MEN
13,14,Boston Dig,-3,11,2019-11-20,CLUB_MEN
14,15,Portland Rhino Slam!,-3,12,2019-11-20,CLUB_MEN
15,16,Philadelphia Patrol,-1,15,2019-11-20,CLUB_MEN
16,17,Atlanta Chain Lightning,-1,16,2019-11-20,CLUB_MEN
17,18,Amherst Sprout,-1,17,2019-11-20,CLUB_MEN
18,19,Cleveland Smokestack,-1,18,2019-11-20,CLUB_MEN
19,20,Winnipeg General Strike,-,20,2019-11-20,CLUB_MEN
20,21,Seattle Voodoo,-2,19,2019-11-20,CLUB_MEN
21,22,Madison Yogosbo,-,22,2019-11-20,CLUB_MEN
22,23,Virginia Vault,+1,24,2019-11-20,CLUB_MEN
23,24,Indianapolis Brickyard,,-,2019-11-20,CLUB_MEN
24,25,Dallas Nitro,-,25,2019-11-20,CLUB_MEN
0,1,Seattle Sockeye,-,1,2019-11-20,CLUB_MEN
1,2,New York PoNY,-,2,2019-11-20,CLUB_MEN
2,3,Washington DC Truck Stop,-,3,2019-11-20,CLUB_MEN
3,4,Raleigh Ring Of Fire,-,4,2019-11-20,CLUB_MEN
4,5,San Francisco Revolver,-,5,2019-11-20,CLUB_MEN
5,6,Austin Doublewide,-,6,2019-11-20,CLUB_MEN
6,7,Vancouver Furious George,-,7,2019-11-20,CLUB_MEN
7,8,Toronto GOAT,-,8,2019-11-20,CLUB_MEN
8,9,Minneapolis Sub Zero,-,9,2019-11-20,CLUB_MEN
9,10,Chicago Machine,-,10,2019-11-20,CLUB_MEN
10,11,Boston Dig,-,11,2019-11-20,CLUB_MEN
11,12,Portland Rhino Slam!,-,12,2019-11-20,CLUB_MEN
12,13,SoCal Condors,-,13,2019-11-20,CLUB_MEN
13,14,Denver Johnny Bravo,-,14,2019-11-20,CLUB_MEN
14,15,Philadelphia Patrol,-,15,2019-11-20,CLUB_MEN
15,16,Atlanta Chain Lightning,-,16,2019-11-20,CLUB_MEN
16,17,Amherst Sprout,-,17,2019-11-20,CLUB_MEN
17,18,Cleveland Smokestack,-,18,2019-11-20,CLUB_MEN
18,19,Seattle Voodoo,-,19,2019-11-20,CLUB_MEN
19,20,Winnipeg General Strike,-,20,2019-11-20,CLUB_MEN
20,21,Pittsburgh Temper,-,21,2019-11-20,CLUB_MEN
21,22,Madison Yogosbo,-,22,2019-11-20,CLUB_MEN
22,23,Huntsville Freaks,-,23,2019-11-20,CLUB_MEN
23,24,Virginia Vault,-,24,2019-11-20,CLUB_MEN
24,25,Dallas Nitro,-,25,2019-11-20,CLUB_MEN
0,1,Seattle Sockeye,-,1,2019-11-20,CLUB_MEN
1,2,New York PoNY,+1,3,2019-11-20,CLUB_MEN
2,3,Washington DC Truck Stop,-1,2,2019-11-20,CLUB_MEN
3,4,Raleigh Ring Of Fire,+2,6,2019-11-20,CLUB_MEN
4,5,San Francisco Revolver,-1,4,2019-11-20,CLUB_MEN
5,6,Austin Doublewide,+1,7,2019-11-20,CLUB_MEN
6,7,Vancouver Furious George,+1,8,2019-11-20,CLUB_MEN
7,8,Toronto GOAT,+1,9,2019-11-20,CLUB_MEN
8,9,Minneapolis Sub Zero,+1,10,2019-11-20,CLUB_MEN
9,10,Chicago Machine,-5,5,2019-11-20,CLUB_MEN
10,11,Boston Dig,-,11,2019-11-20,CLUB_MEN
11,12,Portland Rhino Slam!,-,12,2019-11-20,CLUB_MEN
12,13,SoCal Condors,-,13,2019-11-20,CLUB_MEN
13,14,Denver Johnny Bravo,-,14,2019-11-20,CLUB_MEN
14,15,Philadelphia Patrol,-,15,2019-11-20,CLUB_MEN
15,16,Atlanta Chain Lightning,-,16,2019-11-20,CLUB_MEN
16,17,Amherst Sprout,-,17,2019-11-20,CLUB_MEN
17,18,Cleveland Smokestack,-,18,2019-11-20,CLUB_MEN
18,19,Seattle Voodoo,-,19,2019-11-20,CLUB_MEN
19,20,Winnipeg General Strike,-,20,2019-11-20,CLUB_MEN
20,21,Pittsburgh Temper,-,21,2019-11-20,CLUB_MEN
21,22,Madison Yogosbo,-,22,2019-11-20,CLUB_MEN
22,23,Huntsville Freaks,,-,2019-11-20,CLUB_MEN
23,24,Virginia Vault,-1,23,2019-11-20,CLUB_MEN
24,25,Dallas Nitro,-1,24,2019-11-20,CLUB_MEN
0,1,Seattle Sockeye,-,1,2019-11-20,CLUB_MEN
1,2,Washington DC Truck Stop,-,2,2019-11-20,CLUB_MEN
2,3,New York PoNY,-,3,2019-11-20,CLUB_MEN
3,4,San Francisco Revolver,-,4,2019-11-20,CLUB_MEN
4,5,Chicago Machine,-,5,2019-11-20,CLUB_MEN
5,6,Raleigh Ring Of Fire,-,6,2019-11-20,CLUB_MEN
6,7,Austin Doublewide,-,7,2019-11-20,CLUB_MEN
7,8,Vancouver Furious George,+2,10,2019-11-20,CLUB_MEN
8,9,Toronto GOAT,-1,8,2019-11-20,CLUB_MEN
9,10,Minneapolis Sub Zero,-1,9,2019-11-20,CLUB_MEN
10,11,Boston Dig,-,11,2019-11-20,CLUB_MEN
11,12,Portland Rhino Slam!,-,12,2019-11-20,CLUB_MEN
12,13,SoCal Condors,+1,14,2019-11-20,CLUB_MEN
13,14,Denver Johnny Bravo,+1,15,2019-11-20,CLUB_MEN
14,15,Philadelphia Patrol,+1,16,2019-11-20,CLUB_MEN
15,16,Atlanta Chain Lightning,+1,17,2019-11-20,CLUB_MEN
16,17,Amherst Sprout,+1,18,2019-11-20,CLUB_MEN
17,18,Cleveland Smokestack,+4,22,2019-11-20,CLUB_MEN
18,19,Seattle Voodoo,+2,21,2019-11-20,CLUB_MEN
19,20,Winnipeg General Strike,,-,2019-11-20,CLUB_MEN
20,21,Pittsburgh Temper,-8,13,2019-11-20,CLUB_MEN
21,22,Madison Yogosbo,-3,19,2019-11-20,CLUB_MEN
22,23,Virginia Vault,-,23,2019-11-20,CLUB_MEN
23,24,Dallas Nitro,-,24,2019-11-20,CLUB_MEN
24,25,Houston H.I.P.,-,25,2019-11-20,CLUB_MEN
0,1,Seattle Sockeye,-,1,2019-11-20,CLUB_MEN
1,2,Washington DC Truck Stop,-,2,2019-11-20,CLUB_MEN
2,3,New York PoNY,-,3,2019-11-20,CLUB_MEN
3,4,San Francisco Revolver,-,4,2019-11-20,CLUB_MEN
4,5,Chicago Machine,-,5,2019-11-20,CLUB_MEN
5,6,Raleigh Ring Of Fire,-,6,2019-11-20,CLUB_MEN
6,7,Austin Doublewide,-,7,2019-11-20,CLUB_MEN
7,8,Toronto GOAT,-,8,2019-11-20,CLUB_MEN
8,9,Minneapolis Sub Zero,-,9,2019-11-20,CLUB_MEN
9,10,Vancouver Furious George,-,10,2019-11-20,CLUB_MEN
10,11,Boston Dig,-,11,2019-11-20,CLUB_MEN
11,12,Portland Rhino Slam!,-,12,2019-11-20,CLUB_MEN
12,13,Pittsburgh Temper,-,13,2019-11-20,CLUB_MEN
13,14,SoCal Condors,-,14,2019-11-20,CLUB_MEN
14,15,Denver Johnny Bravo,-,15,2019-11-20,CLUB_MEN
15,16,Philadelphia Patrol,-,16,2019-11-20,CLUB_MEN
16,17,Atlanta Chain Lightning,-,17,2019-11-20,CLUB_MEN
17,18,Amherst Sprout,-,18,2019-11-20,CLUB_MEN
18,19,Madison Yogosbo,-,19,2019-11-20,CLUB_MEN
19,20,Durham Brickhouse,-,20,2019-11-20,CLUB_MEN
20,21,Seattle Voodoo,-,21,2019-11-20,CLUB_MEN
21,22,Cleveland Smokestack,-,22,2019-11-20,CLUB_MEN
22,23,Virginia Vault,-,23,2019-11-20,CLUB_MEN
23,24,Dallas Nitro,-,24,2019-11-20,CLUB_MEN
24,25,Houston H.I.P.,-,25,2019-11-20,CLUB_MEN
0,1,Seattle Sockeye,+1,2,2019-11-20,CLUB_MEN
1,2,Washington DC Truck Stop,+2,4,2019-11-20,CLUB_MEN
2,3,New York PoNY,-2,1,2019-11-20,CLUB_MEN
3,4,San Francisco Revolver,+1,5,2019-11-20,CLUB_MEN
4,5,Chicago Machine,-2,3,2019-11-20,CLUB_MEN
5,6,Raleigh Ring Of Fire,+1,7,2019-11-20,CLUB_MEN
6,7,Austin Doublewide,+1,8,2019-11-20,CLUB_MEN
7,8,Toronto GOAT,+7,15,2019-11-20,CLUB_MEN
8,9,Minneapolis Sub Zero,-,9,2019-11-20,CLUB_MEN
9,10,Vancouver Furious George,-,10,2019-11-20,CLUB_MEN
10,11,Boston Dig,-,11,2019-11-20,CLUB_MEN
11,12,Portland Rhino Slam!,+6,18,2019-11-20,CLUB_MEN
12,13,Pittsburgh Temper,-,13,2019-11-20,CLUB_MEN
13,14,SoCal Condors,-,14,2019-11-20,CLUB_MEN
14,15,Denver Johnny Bravo,-9,6,2019-11-20,CLUB_MEN
15,16,Philadelphia Patrol,-,16,2019-11-20,CLUB_MEN
16,17,Atlanta Chain Lightning,-5,12,2019-11-20,CLUB_MEN
17,18,Amherst Sprout,-1,17,2019-11-20,CLUB_MEN
18,19,Madison Yogosbo,-,19,2019-11-20,CLUB_MEN
19,20,Durham Brickhouse,-,20,2019-11-20,CLUB_MEN
20,21,Seattle Voodoo,+1,22,2019-11-20,CLUB_MEN
21,22,Cleveland Smokestack,,-,2019-11-20,CLUB_MEN
22,23,Virginia Vault,-,23,2019-11-20,CLUB_MEN
23,24,Dallas Nitro,,-,2019-11-20,CLUB_MEN
24,25,Houston H.I.P.,-1,24,2019-11-20,CLUB_MEN
0,1,New York PoNY,-,1,2019-11-20,CLUB_MEN
1,2,Seattle Sockeye,-,2,2019-11-20,CLUB_MEN
2,3,Chicago Machine,-,3,2019-11-20,CLUB_MEN
3,4,Washington DC Truck Stop,-,4,2019-11-20,CLUB_MEN
4,5,San Francisco Revolver,-,5,2019-11-20,CLUB_MEN
5,6,Denver Johnny Bravo,-,6,2019-11-20,CLUB_MEN
6,7,Raleigh Ring Of Fire,-,7,2019-11-20,CLUB_MEN
7,8,Austin Doublewide,-,8,2019-11-20,CLUB_MEN
8,9,Minneapolis Sub Zero,-,9,2019-11-20,CLUB_MEN
9,10,Vancouver Furious George,-,10,2019-11-20,CLUB_MEN
10,11,Boston Dig,-,11,2019-11-20,CLUB_MEN
11,12,Atlanta Chain Lightning,-,12,2019-11-20,CLUB_MEN
12,13,Pittsburgh Temper,-,13,2019-11-20,CLUB_MEN
13,14,SoCal Condors,-,14,2019-11-20,CLUB_MEN
14,15,Toronto GOAT,-,15,2019-11-20,CLUB_MEN
15,16,Philadelphia Patrol,-,16,2019-11-20,CLUB_MEN
16,17,Amherst Sprout,-,17,2019-11-20,CLUB_MEN
17,18,Portland Rhino Slam!,-,18,2019-11-20,CLUB_MEN
18,19,Madison Yogosbo,-,19,2019-11-20,CLUB_MEN
19,20,Durham Brickhouse,-,20,2019-11-20,CLUB_MEN
20,21,Kansas City Prairie Fire,-,21,2019-11-20,CLUB_MEN
21,22,Seattle Voodoo,-,22,2019-11-20,CLUB_MEN
22,23,Virginia Vault,-,23,2019-11-20,CLUB_MEN
23,24,Houston H.I.P.,-,24,2019-11-20,CLUB_MEN
24,25,Denver Inception,-,25,2019-11-20,CLUB_MEN
0,1,New York PoNY,,,2019-11-20,CLUB_MEN
1,2,Seattle Sockeye,,,2019-11-20,CLUB_MEN
2,3,Chicago Machine,,,2019-11-20,CLUB_MEN
3,4,Washington DC Truck Stop,,,2019-11-20,CLUB_MEN
4,5,San Francisco Revolver,,,2019-11-20,CLUB_MEN
5,6,Denver Johnny Bravo,,,2019-11-20,CLUB_MEN
6,7,Raleigh Ring Of Fire,,,2019-11-20,CLUB_MEN
7,8,Austin Doublewide,,,2019-11-20,CLUB_MEN
8,9,Minneapolis Sub Zero,,,2019-11-20,CLUB_MEN
9,10,Vancouver Furious George,,,2019-11-20,CLUB_MEN
10,11,Boston Dig,,,2019-11-20,CLUB_MEN
11,12,Atlanta Chain Lightning,,,2019-11-20,CLUB_MEN
12,13,Pittsburgh Temper,,,2019-11-20,CLUB_MEN
13,14,SoCal Condors,,,2019-11-20,CLUB_MEN
14,15,Toronto GOAT,,,2019-11-20,CLUB_MEN
15,16,Philadelphia Patrol,,,2019-11-20,CLUB_MEN
16,17,Amherst Sprout,,,2019-11-20,CLUB_MEN
17,18,Portland Rhino Slam!,,,2019-11-20,CLUB_MEN
18,19,Madison Yogosbo,,,2019-11-20,CLUB_MEN
19,20,Durham Brickhouse,,,2019-11-20,CLUB_MEN
20,21,Kansas City Prairie Fire,,,2019-11-20,CLUB_MEN
21,22,Seattle Voodoo,,,2019-11-20,CLUB_MEN
22,23,Virginia Vault,,,2019-11-20,CLUB_MEN
23,24,Houston H.I.P.,,,2019-11-20,CLUB_MEN
24,25,Denver Inception,,,2019-11-20,CLUB_MEN
0,1,New York PoNY,-,1,2018-10-26,CLUB_MEN
1,2,San Francisco Revolver,-,2,2018-10-26,CLUB_MEN
2,3,Seattle Sockeye,+2,5,2018-10-26,CLUB_MEN
3,4,Raleigh Ring Of Fire,-1,3,2018-10-26,CLUB_MEN
4,5,Washington DC Truck Stop,-1,4,2018-10-26,CLUB_MEN
5,6,Austin Doublewide,+4,10,2018-10-26,CLUB_MEN
6,7,Chicago Machine,+2,9,2018-10-26,CLUB_MEN
7,8,Minneapolis Sub Zero,-1,7,2018-10-26,CLUB_MEN
8,9,Michigan High Five,+6,15,2018-10-26,CLUB_MEN
9,10,Vancouver Furious George,+1,11,2018-10-26,CLUB_MEN
10,11,Denver Johnny Bravo,+5,16,2018-10-26,CLUB_MEN
11,12,Portland Rhino Slam!,-,12,2018-10-26,CLUB_MEN
12,13,Boston Dig,-7,6,2018-10-26,CLUB_MEN
13,14,Madison Club,-6,8,2018-10-26,CLUB_MEN
14,15,SoCal Condors,-2,13,2018-10-26,CLUB_MEN
15,16,Atlanta Chain Lightning,+1,17,2018-10-26,CLUB_MEN
16,17,Toronto GOAT,-3,14,2018-10-26,CLUB_MEN
17,18,Pittsburgh Temper,-,18,2018-10-26,CLUB_MEN
18,19,Philadelphia Patrol,-,19,2018-10-26,CLUB_MEN
19,20,Oakland Guerrilla,-,20,2018-10-26,CLUB_MEN
20,21,Denver Inception,-,21,2018-10-26,CLUB_MEN
21,22,Kansas City Prairie Fire,-,22,2018-10-26,CLUB_MEN
22,23,Seattle Voodoo,-,23,2018-10-26,CLUB_MEN
23,24,Huntsville Freaks,-,24,2018-10-26,CLUB_MEN
24,25,Indianapolis Brickyard,-,25,2018-10-26,CLUB_MEN
0,1,New York PoNY,-,1,2018-10-26,CLUB_MEN
1,2,San Francisco Revolver,-,2,2018-10-26,CLUB_MEN
2,3,Raleigh Ring Of Fire,+2,5,2018-10-26,CLUB_MEN
3,4,Washington DC Truck Stop,+2,6,2018-10-26,CLUB_MEN
4,5,Seattle Sockeye,-2,3,2018-10-26,CLUB_MEN
5,6,Boston Dig,-2,4,2018-10-26,CLUB_MEN
6,7,Minneapolis Sub Zero,-,7,2018-10-26,CLUB_MEN
7,8,Madison Club,-,8,2018-10-26,CLUB_MEN
8,9,Chicago Machine,+6,15,2018-10-26,CLUB_MEN
9,10,Austin Doublewide,+7,17,2018-10-26,CLUB_MEN
10,11,Vancouver Furious George,+7,18,2018-10-26,CLUB_MEN
11,12,Portland Rhino Slam!,+4,16,2018-10-26,CLUB_MEN
12,13,SoCal Condors,-3,10,2018-10-26,CLUB_MEN
13,14,Toronto GOAT,-1,13,2018-10-26,CLUB_MEN
14,15,Michigan High Five,-1,14,2018-10-26,CLUB_MEN
15,16,Denver Johnny Bravo,-7,9,2018-10-26,CLUB_MEN
16,17,Atlanta Chain Lightning,-6,11,2018-10-26,CLUB_MEN
17,18,Pittsburgh Temper,-6,12,2018-10-26,CLUB_MEN
18,19,Philadelphia Patrol,-,19,2018-10-26,CLUB_MEN
19,20,Oakland Guerrilla,-,20,2018-10-26,CLUB_MEN
20,21,Denver Inception,-,21,2018-10-26,CLUB_MEN
21,22,Kansas City Prairie Fire,-,22,2018-10-26,CLUB_MEN
22,23,Seattle Voodoo,-,23,2018-10-26,CLUB_MEN
23,24,Huntsville Freaks,,-,2018-10-26,CLUB_MEN
24,25,Indianapolis Brickyard,,-,2018-10-26,CLUB_MEN
0,1,New York PoNY,-,1,2018-10-26,CLUB_MEN
1,2,San Francisco Revolver,-,2,2018-10-26,CLUB_MEN
2,3,Seattle Sockeye,-,3,2018-10-26,CLUB_MEN
3,4,Boston Dig,-,4,2018-10-26,CLUB_MEN
4,5,Raleigh Ring Of Fire,-,5,2018-10-26,CLUB_MEN
5,6,Washington DC Truck Stop,-,6,2018-10-26,CLUB_MEN
6,7,Minneapolis Sub Zero,-,7,2018-10-26,CLUB_MEN
7,8,Madison Club,-,8,2018-10-26,CLUB_MEN
8,9,Denver Johnny Bravo,-,9,2018-10-26,CLUB_MEN
9,10,SoCal Condors,-,10,2018-10-26,CLUB_MEN
10,11,Atlanta Chain Lightning,-,11,2018-10-26,CLUB_MEN
11,12,Pittsburgh Temper,-,12,2018-10-26,CLUB_MEN
12,13,Toronto GOAT,-,13,2018-10-26,CLUB_MEN
13,14,Michigan High Five,-,14,2018-10-26,CLUB_MEN
14,15,Chicago Machine,-,15,2018-10-26,CLUB_MEN
15,16,Portland Rhino Slam!,-,16,2018-10-26,CLUB_MEN
16,17,Austin Doublewide,-,17,2018-10-26,CLUB_MEN
17,18,Vancouver Furious George,-,18,2018-10-26,CLUB_MEN
18,19,Philadelphia Patrol,-,19,2018-10-26,CLUB_MEN
19,20,Oakland Guerrilla,-,20,2018-10-26,CLUB_MEN
20,21,Denver Inception,-,21,2018-10-26,CLUB_MEN
21,22,Kansas City Prairie Fire,-,22,2018-10-26,CLUB_MEN
22,23,Seattle Voodoo,-,23,2018-10-26,CLUB_MEN
23,24,Durham Turbine,-,24,2018-10-26,CLUB_MEN
24,25,Montreal Mockingbird,-,25,2018-10-26,CLUB_MEN
0,1,New York PoNY,-,1,2018-10-26,CLUB_MEN
1,2,San Francisco Revolver,-,2,2018-10-26,CLUB_MEN
2,3,Seattle Sockeye,-,3,2018-10-26,CLUB_MEN
3,4,Boston Dig,-,4,2018-10-26,CLUB_MEN
4,5,Raleigh Ring Of Fire,-,5,2018-10-26,CLUB_MEN
5,6,Washington DC Truck Stop,-,6,2018-10-26,CLUB_MEN
6,7,Minneapolis Sub Zero,-,7,2018-10-26,CLUB_MEN
7,8,Madison Club,-,8,2018-10-26,CLUB_MEN
8,9,Denver Johnny Bravo,-,9,2018-10-26,CLUB_MEN
9,10,SoCal Condors,-,10,2018-10-26,CLUB_MEN
10,11,Atlanta Chain Lightning,-,11,2018-10-26,CLUB_MEN
11,12,Pittsburgh Temper,-,12,2018-10-26,CLUB_MEN
12,13,Toronto GOAT,-,13,2018-10-26,CLUB_MEN
13,14,Michigan High Five,-,14,2018-10-26,CLUB_MEN
14,15,Chicago Machine,-,15,2018-10-26,CLUB_MEN
15,16,Portland Rhino Slam!,-,16,2018-10-26,CLUB_MEN
16,17,Austin Doublewide,-,17,2018-10-26,CLUB_MEN
17,18,Vancouver Furious George,-,18,2018-10-26,CLUB_MEN
18,19,Philadelphia Patrol,-,19,2018-10-26,CLUB_MEN
19,20,Oakland Guerrilla,-,20,2018-10-26,CLUB_MEN
20,21,Denver Inception,-,21,2018-10-26,CLUB_MEN
21,22,Kansas City Prairie Fire,-,22,2018-10-26,CLUB_MEN
22,23,Seattle Voodoo,-,23,2018-10-26,CLUB_MEN
23,24,Durham Turbine,-,24,2018-10-26,CLUB_MEN
24,25,Montreal Mockingbird,,-,2018-10-26,CLUB_MEN
0,1,New York PoNY,+2,3,2018-10-26,CLUB_MEN
1,2,San Francisco Revolver,-1,1,2018-10-26,CLUB_MEN
2,3,Seattle Sockeye,-1,2,2018-10-26,CLUB_MEN
3,4,Boston Dig,+4,8,2018-10-26,CLUB_MEN
4,5,Raleigh Ring Of Fire,-1,4,2018-10-26,CLUB_MEN
5,6,Washington DC Truck Stop,+10,16,2018-10-26,CLUB_MEN
6,7,Minneapolis Sub Zero,-2,5,2018-10-26,CLUB_MEN
7,8,Madison Club,-2,6,2018-10-26,CLUB_MEN
8,9,Denver Johnny Bravo,-,9,2018-10-26,CLUB_MEN
9,10,SoCal Condors,-,10,2018-10-26,CLUB_MEN
10,11,Atlanta Chain Lightning,-,11,2018-10-26,CLUB_MEN
11,12,Pittsburgh Temper,-,12,2018-10-26,CLUB_MEN
12,13,Toronto GOAT,-,13,2018-10-26,CLUB_MEN
13,14,Michigan High Five,-,14,2018-10-26,CLUB_MEN
14,15,Chicago Machine,-8,7,2018-10-26,CLUB_MEN
15,16,Portland Rhino Slam!,-1,15,2018-10-26,CLUB_MEN
16,17,Austin Doublewide,-,17,2018-10-26,CLUB_MEN
17,18,Vancouver Furious George,-,18,2018-10-26,CLUB_MEN
18,19,Philadelphia Patrol,-,19,2018-10-26,CLUB_MEN
19,20,Oakland Guerrilla,-,20,2018-10-26,CLUB_MEN
20,21,Denver Inception,-,21,2018-10-26,CLUB_MEN
21,22,Kansas City Prairie Fire,-,22,2018-10-26,CLUB_MEN
22,23,Seattle Voodoo,-,23,2018-10-26,CLUB_MEN
23,24,Durham Turbine,-,24,2018-10-26,CLUB_MEN
24,25,Richmond Floodwall,-,25,2018-10-26,CLUB_MEN
0,1,San Francisco Revolver,-,1,2018-10-26,CLUB_MEN
1,2,Seattle Sockeye,-,2,2018-10-26,CLUB_MEN
2,3,New York PoNY,-,3,2018-10-26,CLUB_MEN
3,4,Raleigh Ring Of Fire,-,4,2018-10-26,CLUB_MEN
4,5,Minneapolis Sub Zero,-,5,2018-10-26,CLUB_MEN
5,6,Madison Club,-,6,2018-10-26,CLUB_MEN
6,7,Chicago Machine,-,7,2018-10-26,CLUB_MEN
7,8,Boston Dig,-,8,2018-10-26,CLUB_MEN
8,9,Denver Johnny Bravo,-,9,2018-10-26,CLUB_MEN
9,10,SoCal Condors,-,10,2018-10-26,CLUB_MEN
10,11,Atlanta Chain Lightning,-,11,2018-10-26,CLUB_MEN
11,12,Pittsburgh Temper,-,12,2018-10-26,CLUB_MEN
12,13,Toronto GOAT,-,13,2018-10-26,CLUB_MEN
13,14,Michigan High Five,-,14,2018-10-26,CLUB_MEN
14,15,Portland Rhino Slam!,+2,17,2018-10-26,CLUB_MEN
15,16,Washington DC Truck Stop,-1,15,2018-10-26,CLUB_MEN
16,17,Austin Doublewide,-1,16,2018-10-26,CLUB_MEN
17,18,Vancouver Furious George,-,18,2018-10-26,CLUB_MEN
18,19,Philadelphia Patrol,-,19,2018-10-26,CLUB_MEN
19,20,Oakland Guerrilla,-,20,2018-10-26,CLUB_MEN
20,21,Denver Inception,-,21,2018-10-26,CLUB_MEN
21,22,Kansas City Prairie Fire,-,22,2018-10-26,CLUB_MEN
22,23,Seattle Voodoo,-,23,2018-10-26,CLUB_MEN
23,24,Durham Turbine,-,24,2018-10-26,CLUB_MEN
24,25,Richmond Floodwall,-,25,2018-10-26,CLUB_MEN
0,1,San Francisco Revolver,-,1,2018-10-26,CLUB_MEN
1,2,Seattle Sockeye,+4,6,2018-10-26,CLUB_MEN
2,3,New York PoNY,-,3,2018-10-26,CLUB_MEN
3,4,Raleigh Ring Of Fire,-,4,2018-10-26,CLUB_MEN
4,5,Minneapolis Sub Zero,+2,7,2018-10-26,CLUB_MEN
5,6,Madison Club,+6,12,2018-10-26,CLUB_MEN
6,7,Chicago Machine,+1,8,2018-10-26,CLUB_MEN
7,8,Boston Dig,+1,9,2018-10-26,CLUB_MEN
8,9,Denver Johnny Bravo,+1,10,2018-10-26,CLUB_MEN
9,10,SoCal Condors,+9,19,2018-10-26,CLUB_MEN
10,11,Atlanta Chain Lightning,+9,20,2018-10-26,CLUB_MEN
11,12,Pittsburgh Temper,-7,5,2018-10-26,CLUB_MEN
12,13,Toronto GOAT,-11,2,2018-10-26,CLUB_MEN
13,14,Michigan High Five,-3,11,2018-10-26,CLUB_MEN
14,15,Washington DC Truck Stop,-2,13,2018-10-26,CLUB_MEN
15,16,Austin Doublewide,-2,14,2018-10-26,CLUB_MEN
16,17,Portland Rhino Slam!,-1,16,2018-10-26,CLUB_MEN
17,18,Vancouver Furious George,-1,17,2018-10-26,CLUB_MEN
18,19,Philadelphia Patrol,-4,15,2018-10-26,CLUB_MEN
19,20,Oakland Guerrilla,-2,18,2018-10-26,CLUB_MEN
20,21,Denver Inception,+1,22,2018-10-26,CLUB_MEN
21,22,Kansas City Prairie Fire,-1,21,2018-10-26,CLUB_MEN
22,23,Seattle Voodoo,,-,2018-10-26,CLUB_MEN
23,24,Durham Turbine,-1,23,2018-10-26,CLUB_MEN
24,25,Richmond Floodwall,-,25,2018-10-26,CLUB_MEN
0,1,San Francisco Revolver,-,1,2018-10-26,CLUB_MEN
1,2,Toronto GOAT,-,2,2018-10-26,CLUB_MEN
2,3,New York PoNY,-,3,2018-10-26,CLUB_MEN
3,4,Raleigh Ring Of Fire,-,4,2018-10-26,CLUB_MEN
4,5,Pittsburgh Temper,-,5,2018-10-26,CLUB_MEN
5,6,Seattle Sockeye,-,6,2018-10-26,CLUB_MEN
6,7,Minneapolis Sub Zero,-,7,2018-10-26,CLUB_MEN
7,8,Chicago Machine,-,8,2018-10-26,CLUB_MEN
8,9,Boston Dig,-,9,2018-10-26,CLUB_MEN
9,10,Denver Johnny Bravo,-,10,2018-10-26,CLUB_MEN
10,11,Michigan High Five,-,11,2018-10-26,CLUB_MEN
11,12,Madison Club,-,12,2018-10-26,CLUB_MEN
12,13,Washington DC Truck Stop,-,13,2018-10-26,CLUB_MEN
13,14,Austin Doublewide,-,14,2018-10-26,CLUB_MEN
14,15,Philadelphia Patrol,-,15,2018-10-26,CLUB_MEN
15,16,Portland Rhino Slam!,-,16,2018-10-26,CLUB_MEN
16,17,Vancouver Furious George,-,17,2018-10-26,CLUB_MEN
17,18,Oakland Guerrilla,-,18,2018-10-26,CLUB_MEN
18,19,SoCal Condors,-,19,2018-10-26,CLUB_MEN
19,20,Atlanta Chain Lightning,-,20,2018-10-26,CLUB_MEN
20,21,Kansas City Prairie Fire,-,21,2018-10-26,CLUB_MEN
21,22,Denver Inception,-,22,2018-10-26,CLUB_MEN
22,23,Durham Turbine,+1,24,2018-10-26,CLUB_MEN
23,24,Winnipeg General Strike,+1,25,2018-10-26,CLUB_MEN
24,25,Richmond Floodwall,,-,2018-10-26,CLUB_MEN
0,1,San Francisco Revolver,-,1,2018-10-26,CLUB_MEN
1,2,Toronto GOAT,-,2,2018-10-26,CLUB_MEN
2,3,New York PoNY,+9,12,2018-10-26,CLUB_MEN
3,4,Raleigh Ring Of Fire,-1,3,2018-10-26,CLUB_MEN
4,5,Pittsburgh Temper,-,5,2018-10-26,CLUB_MEN
5,6,Seattle Sockeye,-,6,2018-10-26,CLUB_MEN
6,7,Minneapolis Sub Zero,+7,14,2018-10-26,CLUB_MEN
7,8,Chicago Machine,-1,7,2018-10-26,CLUB_MEN
8,9,Boston Dig,-1,8,2018-10-26,CLUB_MEN
9,10,Denver Johnny Bravo,-6,4,2018-10-26,CLUB_MEN
10,11,Michigan High Five,-2,9,2018-10-26,CLUB_MEN
11,12,Madison Club,-2,10,2018-10-26,CLUB_MEN
12,13,Washington DC Truck Stop,+6,19,2018-10-26,CLUB_MEN
13,14,Austin Doublewide,-3,11,2018-10-26,CLUB_MEN
14,15,Philadelphia Patrol,-2,13,2018-10-26,CLUB_MEN
15,16,Portland Rhino Slam!,-1,15,2018-10-26,CLUB_MEN
16,17,Vancouver Furious George,-1,16,2018-10-26,CLUB_MEN
17,18,Oakland Guerrilla,-1,17,2018-10-26,CLUB_MEN
18,19,SoCal Condors,-1,18,2018-10-26,CLUB_MEN
19,20,Atlanta Chain Lightning,-,20,2018-10-26,CLUB_MEN
20,21,Kansas City Prairie Fire,-,21,2018-10-26,CLUB_MEN
21,22,Denver Inception,-,22,2018-10-26,CLUB_MEN
22,23,Huntsville Freaks,-,23,2018-10-26,CLUB_MEN
23,24,Durham Turbine,-,24,2018-10-26,CLUB_MEN
24,25,Winnipeg General Strike,-,25,2018-10-26,CLUB_MEN
0,1,San Francisco Revolver,-,1,2018-10-26,CLUB_MEN
1,2,Toronto GOAT,-,2,2018-10-26,CLUB_MEN
2,3,Raleigh Ring Of Fire,-,3,2018-10-26,CLUB_MEN
3,4,Denver Johnny Bravo,-,4,2018-10-26,CLUB_MEN
4,5,Pittsburgh Temper,-,5,2018-10-26,CLUB_MEN
5,6,Seattle Sockeye,-,6,2018-10-26,CLUB_MEN
6,7,Chicago Machine,-,7,2018-10-26,CLUB_MEN
7,8,Boston Dig,-,8,2018-10-26,CLUB_MEN
8,9,Michigan High Five,-,9,2018-10-26,CLUB_MEN
9,10,Madison Club,-,10,2018-10-26,CLUB_MEN
10,11,Austin Doublewide,-,11,2018-10-26,CLUB_MEN
11,12,New York PoNY,-,12,2018-10-26,CLUB_MEN
12,13,Philadelphia Patrol,-,13,2018-10-26,CLUB_MEN
13,14,Minneapolis Sub Zero,+1,15,2018-10-26,CLUB_MEN
14,15,Portland Rhino Slam!,+1,16,2018-10-26,CLUB_MEN
15,16,Vancouver Furious George,+5,21,2018-10-26,CLUB_MEN
16,17,Oakland Guerrilla,-3,14,2018-10-26,CLUB_MEN
17,18,SoCal Condors,-1,17,2018-10-26,CLUB_MEN
18,19,Washington DC Truck Stop,-1,18,2018-10-26,CLUB_MEN
19,20,Atlanta Chain Lightning,-1,19,2018-10-26,CLUB_MEN
20,21,Kansas City Prairie Fire,-1,20,2018-10-26,CLUB_MEN
21,22,Denver Inception,-,22,2018-10-26,CLUB_MEN
22,23,Huntsville Freaks,-,23,2018-10-26,CLUB_MEN
23,24,Durham Turbine,-,24,2018-10-26,CLUB_MEN
24,25,Winnipeg General Strike,-,25,2018-10-26,CLUB_MEN
0,1,San Francisco Revolver,-,1,2018-10-26,CLUB_MEN
1,2,Toronto GOAT,+2,4,2018-10-26,CLUB_MEN
2,3,Raleigh Ring Of Fire,-1,2,2018-10-26,CLUB_MEN
3,4,Denver Johnny Bravo,-1,3,2018-10-26,CLUB_MEN
4,5,Pittsburgh Temper,-,5,2018-10-26,CLUB_MEN
5,6,Seattle Sockeye,-,6,2018-10-26,CLUB_MEN
6,7,Chicago Machine,-,7,2018-10-26,CLUB_MEN
7,8,Boston Dig,-,8,2018-10-26,CLUB_MEN
8,9,Michigan High Five,-,9,2018-10-26,CLUB_MEN
9,10,Madison Club,-,10,2018-10-26,CLUB_MEN
10,11,Austin Doublewide,-,11,2018-10-26,CLUB_MEN
11,12,New York PoNY,-,12,2018-10-26,CLUB_MEN
12,13,Philadelphia Patrol,-,13,2018-10-26,CLUB_MEN
13,14,Oakland Guerrilla,-,14,2018-10-26,CLUB_MEN
14,15,Minneapolis Sub Zero,-,15,2018-10-26,CLUB_MEN
15,16,Portland Rhino Slam!,-,16,2018-10-26,CLUB_MEN
16,17,SoCal Condors,-,17,2018-10-26,CLUB_MEN
17,18,Washington DC Truck Stop,-,18,2018-10-26,CLUB_MEN
18,19,Atlanta Chain Lightning,-,19,2018-10-26,CLUB_MEN
19,20,Kansas City Prairie Fire,-,20,2018-10-26,CLUB_MEN
20,21,Vancouver Furious George,-,21,2018-10-26,CLUB_MEN
21,22,Denver Inception,-,22,2018-10-26,CLUB_MEN
22,23,Huntsville Freaks,+2,25,2018-10-26,CLUB_MEN
23,24,Durham Turbine,-1,23,2018-10-26,CLUB_MEN
24,25,Winnipeg General Strike,-1,24,2018-10-26,CLUB_MEN
0,1,San Francisco Revolver,-,1,2018-10-26,CLUB_MEN
1,2,Raleigh Ring Of Fire,-,2,2018-10-26,CLUB_MEN
2,3,Denver Johnny Bravo,+9,12,2018-10-26,CLUB_MEN
3,4,Toronto GOAT,-,4,2018-10-26,CLUB_MEN
4,5,Pittsburgh Temper,+8,13,2018-10-26,CLUB_MEN
5,6,Seattle Sockeye,-1,5,2018-10-26,CLUB_MEN
6,7,Chicago Machine,+1,8,2018-10-26,CLUB_MEN
7,8,Boston Dig,-2,6,2018-10-26,CLUB_MEN
8,9,Michigan High Five,+5,14,2018-10-26,CLUB_MEN
9,10,Madison Club,+6,16,2018-10-26,CLUB_MEN
10,11,Austin Doublewide,-8,3,2018-10-26,CLUB_MEN
11,12,New York PoNY,-5,7,2018-10-26,CLUB_MEN
12,13,Philadelphia Patrol,+4,17,2018-10-26,CLUB_MEN
13,14,Oakland Guerrilla,+5,19,2018-10-26,CLUB_MEN
14,15,Minneapolis Sub Zero,-4,11,2018-10-26,CLUB_MEN
15,16,Portland Rhino Slam!,-1,15,2018-10-26,CLUB_MEN
16,17,SoCal Condors,-7,10,2018-10-26,CLUB_MEN
17,18,Washington DC Truck Stop,-9,9,2018-10-26,CLUB_MEN
18,19,Atlanta Chain Lightning,-1,18,2018-10-26,CLUB_MEN
19,20,Kansas City Prairie Fire,-,20,2018-10-26,CLUB_MEN
20,21,Vancouver Furious George,-,21,2018-10-26,CLUB_MEN
21,22,Denver Inception,+3,25,2018-10-26,CLUB_MEN
22,23,Durham Turbine,-1,22,2018-10-26,CLUB_MEN
23,24,Winnipeg General Strike,-,24,2018-10-26,CLUB_MEN
24,25,Huntsville Freaks,,-,2018-10-26,CLUB_MEN
0,1,San Francisco Revolver,-,1,2018-10-26,CLUB_MEN
1,2,Raleigh Ring Of Fire,-,2,2018-10-26,CLUB_MEN
2,3,Austin Doublewide,-,3,2018-10-26,CLUB_MEN
3,4,Toronto GOAT,-,4,2018-10-26,CLUB_MEN
4,5,Seattle Sockeye,-,5,2018-10-26,CLUB_MEN
5,6,Boston Dig,-,6,2018-10-26,CLUB_MEN
6,7,New York PoNY,-,7,2018-10-26,CLUB_MEN
7,8,Chicago Machine,-,8,2018-10-26,CLUB_MEN
8,9,Washington DC Truck Stop,-,9,2018-10-26,CLUB_MEN
9,10,SoCal Condors,-,10,2018-10-26,CLUB_MEN
10,11,Minneapolis Sub Zero,-,11,2018-10-26,CLUB_MEN
11,12,Denver Johnny Bravo,-,12,2018-10-26,CLUB_MEN
12,13,Pittsburgh Temper,-,13,2018-10-26,CLUB_MEN
13,14,Michigan High Five,-,14,2018-10-26,CLUB_MEN
14,15,Portland Rhino Slam!,-,15,2018-10-26,CLUB_MEN
15,16,Madison Club,-,16,2018-10-26,CLUB_MEN
16,17,Philadelphia Patrol,-,17,2018-10-26,CLUB_MEN
17,18,Atlanta Chain Lightning,-,18,2018-10-26,CLUB_MEN
18,19,Oakland Guerrilla,-,19,2018-10-26,CLUB_MEN
19,20,Kansas City Prairie Fire,-,20,2018-10-26,CLUB_MEN
20,21,Vancouver Furious George,-,21,2018-10-26,CLUB_MEN
21,22,Durham Turbine,-,22,2018-10-26,CLUB_MEN
22,23,New Jersey Garden State Ultimate,-,23,2018-10-26,CLUB_MEN
23,24,Winnipeg General Strike,-,24,2018-10-26,CLUB_MEN
24,25,Denver Inception,-,25,2018-10-26,CLUB_MEN
0,1,San Francisco Revolver,,,2018-10-26,CLUB_MEN
1,2,Raleigh Ring Of Fire,,,2018-10-26,CLUB_MEN
2,3,Austin Doublewide,,,2018-10-26,CLUB_MEN
3,4,Toronto GOAT,,,2018-10-26,CLUB_MEN
4,5,Seattle Sockeye,,,2018-10-26,CLUB_MEN
5,6,Boston Dig,,,2018-10-26,CLUB_MEN
6,7,New York PoNY,,,2018-10-26,CLUB_MEN
7,8,Chicago Machine,,,2018-10-26,CLUB_MEN
8,9,Washington DC Truck Stop,,,2018-10-26,CLUB_MEN
9,10,SoCal Condors,,,2018-10-26,CLUB_MEN
10,11,Minneapolis Sub Zero,,,2018-10-26,CLUB_MEN
11,12,Denver Johnny Bravo,,,2018-10-26,CLUB_MEN
12,13,Pittsburgh Temper,,,2018-10-26,CLUB_MEN
13,14,Michigan High Five,,,2018-10-26,CLUB_MEN
14,15,Portland Rhino Slam!,,,2018-10-26,CLUB_MEN
15,16,Madison Club,,,2018-10-26,CLUB_MEN
16,17,Philadelphia Patrol,,,2018-10-26,CLUB_MEN
17,18,Atlanta Chain Lightning,,,2018-10-26,CLUB_MEN
18,19,Oakland Guerrilla,,,2018-10-26,CLUB_MEN
19,20,Kansas City Prairie Fire,,,2018-10-26,CLUB_MEN
20,21,Vancouver Furious George,,,2018-10-26,CLUB_MEN
21,22,Durham Turbine,,,2018-10-26,CLUB_MEN
22,23,New Jersey Garden State Ultimate,,,2018-10-26,CLUB_MEN
23,24,Winnipeg General Strike,,,2018-10-26,CLUB_MEN
24,25,Denver Inception,,,2018-10-26,CLUB_MEN
0,1,San Francisco Revolver,-,1,2017-09-28,CLUB_MEN
1,2,Raleigh Ring Of Fire,-,2,2017-09-28,CLUB_MEN
2,3,Seattle Sockeye,-,3,2017-09-28,CLUB_MEN
3,4,Washington DC Truck Stop,-,4,2017-09-28,CLUB_MEN
4,5,Denver Johnny Bravo,-,5,2017-09-28,CLUB_MEN
5,6,Boston Ironside,+1,7,2017-09-28,CLUB_MEN
6,7,Chicago Machine,+1,8,2017-09-28,CLUB_MEN
7,8,Michigan High Five,-2,6,2017-09-28,CLUB_MEN
8,9,Philadelphia Patrol,+1,10,2017-09-28,CLUB_MEN
9,10,Boston Dig,+1,11,2017-09-28,CLUB_MEN
10,11,Toronto GOAT,-2,9,2017-09-28,CLUB_MEN
11,12,New York PoNY,-,12,2017-09-28,CLUB_MEN
12,13,Austin Doublewide,-,13,2017-09-28,CLUB_MEN
13,14,SoCal Condors,+3,17,2017-09-28,CLUB_MEN
14,15,Minneapolis Sub Zero,-,15,2017-09-28,CLUB_MEN
15,16,Florida United,+2,18,2017-09-28,CLUB_MEN
16,17,Portland Rhino Slam!,+4,21,2017-09-28,CLUB_MEN
17,18,Vancouver Furious George,-4,14,2017-09-28,CLUB_MEN
18,19,Oakland Guerrilla,-3,16,2017-09-28,CLUB_MEN
19,20,Madison Club,+2,22,2017-09-28,CLUB_MEN
20,21,Pittsburgh Temper,+4,25,2017-09-28,CLUB_MEN
21,22,Atlanta Chain Lightning,-3,19,2017-09-28,CLUB_MEN
22,23,Denver Inception,-3,20,2017-09-28,CLUB_MEN
23,24,Baltimore Medicine Men,-1,23,2017-09-28,CLUB_MEN
24,25,New Jersey Garden State Ultimate,-1,24,2017-09-28,CLUB_MEN
0,1,San Francisco Revolver,-,1,2017-09-28,CLUB_MEN
1,2,Raleigh Ring Of Fire,-,2,2017-09-28,CLUB_MEN
2,3,Seattle Sockeye,-,3,2017-09-28,CLUB_MEN
3,4,Washington DC Truck Stop,-,4,2017-09-28,CLUB_MEN
4,5,Denver Johnny Bravo,-,5,2017-09-28,CLUB_MEN
5,6,Michigan High Five,-,6,2017-09-28,CLUB_MEN
6,7,Boston Ironside,-,7,2017-09-28,CLUB_MEN
7,8,Chicago Machine,-,8,2017-09-28,CLUB_MEN
8,9,Toronto GOAT,-,9,2017-09-28,CLUB_MEN
9,10,Philadelphia Patrol,-,10,2017-09-28,CLUB_MEN
10,11,Boston Dig,-,11,2017-09-28,CLUB_MEN
11,12,New York PoNY,-,12,2017-09-28,CLUB_MEN
12,13,Austin Doublewide,-,13,2017-09-28,CLUB_MEN
13,14,Vancouver Furious George,-,14,2017-09-28,CLUB_MEN
14,15,Minneapolis Sub Zero,-,15,2017-09-28,CLUB_MEN
15,16,Oakland Guerrilla,-,16,2017-09-28,CLUB_MEN
16,17,SoCal Condors,-,17,2017-09-28,CLUB_MEN
17,18,Florida United,-,18,2017-09-28,CLUB_MEN
18,19,Atlanta Chain Lightning,-,19,2017-09-28,CLUB_MEN
19,20,Denver Inception,-,20,2017-09-28,CLUB_MEN
20,21,Portland Rhino Slam!,-,21,2017-09-28,CLUB_MEN
21,22,Madison Club,-,22,2017-09-28,CLUB_MEN
22,23,Baltimore Medicine Men,-,23,2017-09-28,CLUB_MEN
23,24,New Jersey Garden State Ultimate,+1,25,2017-09-28,CLUB_MEN
24,25,Pittsburgh Temper,-1,24,2017-09-28,CLUB_MEN
0,1,San Francisco Revolver,+1,2,2017-09-28,CLUB_MEN
1,2,Raleigh Ring Of Fire,+2,4,2017-09-28,CLUB_MEN
2,3,Seattle Sockeye,-2,1,2017-09-28,CLUB_MEN
3,4,Washington DC Truck Stop,-1,3,2017-09-28,CLUB_MEN
4,5,Denver Johnny Bravo,-,5,2017-09-28,CLUB_MEN
5,6,Michigan High Five,-,6,2017-09-28,CLUB_MEN
6,7,Boston Ironside,-,7,2017-09-28,CLUB_MEN
7,8,Chicago Machine,+12,20,2017-09-28,CLUB_MEN
8,9,Toronto GOAT,+4,13,2017-09-28,CLUB_MEN
9,10,Philadelphia Patrol,-,10,2017-09-28,CLUB_MEN
10,11,Boston Dig,-3,8,2017-09-28,CLUB_MEN
11,12,New York PoNY,+3,15,2017-09-28,CLUB_MEN
12,13,Austin Doublewide,+3,16,2017-09-28,CLUB_MEN
13,14,Vancouver Furious George,+7,21,2017-09-28,CLUB_MEN
14,15,Minneapolis Sub Zero,-6,9,2017-09-28,CLUB_MEN
15,16,Oakland Guerrilla,+1,17,2017-09-28,CLUB_MEN
16,17,SoCal Condors,-6,11,2017-09-28,CLUB_MEN
17,18,Florida United,-,18,2017-09-28,CLUB_MEN
18,19,Atlanta Chain Lightning,-,19,2017-09-28,CLUB_MEN
19,20,Denver Inception,+2,22,2017-09-28,CLUB_MEN
20,21,Portland Rhino Slam!,+2,23,2017-09-28,CLUB_MEN
21,22,Madison Club,+2,24,2017-09-28,CLUB_MEN
22,23,Baltimore Medicine Men,-9,14,2017-09-28,CLUB_MEN
23,24,Pittsburgh Temper,-12,12,2017-09-28,CLUB_MEN
24,25,New Jersey Garden State Ultimate,-,25,2017-09-28,CLUB_MEN
0,1,Seattle Sockeye,-,1,2017-09-28,CLUB_MEN
1,2,San Francisco Revolver,-,2,2017-09-28,CLUB_MEN
2,3,Washington DC Truck Stop,-,3,2017-09-28,CLUB_MEN
3,4,Raleigh Ring Of Fire,-,4,2017-09-28,CLUB_MEN
4,5,Denver Johnny Bravo,-,5,2017-09-28,CLUB_MEN
5,6,Michigan High Five,-,6,2017-09-28,CLUB_MEN
6,7,Boston Ironside,-,7,2017-09-28,CLUB_MEN
7,8,Boston Dig,-,8,2017-09-28,CLUB_MEN
8,9,Minneapolis Sub Zero,-,9,2017-09-28,CLUB_MEN
9,10,Philadelphia Patrol,-,10,2017-09-28,CLUB_MEN
10,11,SoCal Condors,-,11,2017-09-28,CLUB_MEN
11,12,Pittsburgh Temper,-,12,2017-09-28,CLUB_MEN
12,13,Toronto GOAT,-,13,2017-09-28,CLUB_MEN
13,14,Baltimore Medicine Men,-,14,2017-09-28,CLUB_MEN
14,15,New York PoNY,-,15,2017-09-28,CLUB_MEN
15,16,Austin Doublewide,-,16,2017-09-28,CLUB_MEN
16,17,Oakland Guerrilla,-,17,2017-09-28,CLUB_MEN
17,18,Florida United,-,18,2017-09-28,CLUB_MEN
18,19,Atlanta Chain Lightning,-,19,2017-09-28,CLUB_MEN
19,20,Chicago Machine,-,20,2017-09-28,CLUB_MEN
20,21,Vancouver Furious George,-,21,2017-09-28,CLUB_MEN
21,22,Denver Inception,-,22,2017-09-28,CLUB_MEN
22,23,Portland Rhino Slam!,-,23,2017-09-28,CLUB_MEN
23,24,Madison Club,-,24,2017-09-28,CLUB_MEN
24,25,New Jersey Garden State Ultimate,-,25,2017-09-28,CLUB_MEN
0,1,Seattle Sockeye,-,1,2017-09-28,CLUB_MEN
1,2,San Francisco Revolver,-,2,2017-09-28,CLUB_MEN
2,3,Washington DC Truck Stop,-,3,2017-09-28,CLUB_MEN
3,4,Raleigh Ring Of Fire,-,4,2017-09-28,CLUB_MEN
4,5,Denver Johnny Bravo,-,5,2017-09-28,CLUB_MEN
5,6,Michigan High Five,-,6,2017-09-28,CLUB_MEN
6,7,Boston Ironside,-,7,2017-09-28,CLUB_MEN
7,8,Boston Dig,+2,10,2017-09-28,CLUB_MEN
8,9,Minneapolis Sub Zero,+12,21,2017-09-28,CLUB_MEN
9,10,Philadelphia Patrol,+2,12,2017-09-28,CLUB_MEN
10,11,SoCal Condors,+4,15,2017-09-28,CLUB_MEN
11,12,Pittsburgh Temper,+8,20,2017-09-28,CLUB_MEN
12,13,Toronto GOAT,+3,16,2017-09-28,CLUB_MEN
13,14,Baltimore Medicine Men,+9,23,2017-09-28,CLUB_MEN
14,15,New York PoNY,-6,9,2017-09-28,CLUB_MEN
15,16,Austin Doublewide,-8,8,2017-09-28,CLUB_MEN
16,17,Oakland Guerrilla,-6,11,2017-09-28,CLUB_MEN
17,18,Florida United,-5,13,2017-09-28,CLUB_MEN
18,19,Atlanta Chain Lightning,-1,18,2017-09-28,CLUB_MEN
19,20,Chicago Machine,-1,19,2017-09-28,CLUB_MEN
20,21,Vancouver Furious George,-4,17,2017-09-28,CLUB_MEN
21,22,Denver Inception,,-,2017-09-28,CLUB_MEN
22,23,Portland Rhino Slam!,-9,14,2017-09-28,CLUB_MEN
23,24,Madison Club,-2,22,2017-09-28,CLUB_MEN
24,25,New Jersey Garden State Ultimate,-,25,2017-09-28,CLUB_MEN
0,1,Seattle Sockeye,-,1,2017-09-28,CLUB_MEN
1,2,San Francisco Revolver,-,2,2017-09-28,CLUB_MEN
2,3,Washington DC Truck Stop,-,3,2017-09-28,CLUB_MEN
3,4,Raleigh Ring Of Fire,-,4,2017-09-28,CLUB_MEN
4,5,Denver Johnny Bravo,-,5,2017-09-28,CLUB_MEN
5,6,Michigan High Five,-,6,2017-09-28,CLUB_MEN
6,7,Boston Ironside,-,7,2017-09-28,CLUB_MEN
7,8,Austin Doublewide,-,8,2017-09-28,CLUB_MEN
8,9,New York PoNY,-,9,2017-09-28,CLUB_MEN
9,10,Boston Dig,-,10,2017-09-28,CLUB_MEN
10,11,Oakland Guerrilla,-,11,2017-09-28,CLUB_MEN
11,12,Philadelphia Patrol,-,12,2017-09-28,CLUB_MEN
12,13,Florida United,-,13,2017-09-28,CLUB_MEN
13,14,Portland Rhino Slam!,-,14,2017-09-28,CLUB_MEN
14,15,SoCal Condors,-,15,2017-09-28,CLUB_MEN
15,16,Toronto GOAT,-,16,2017-09-28,CLUB_MEN
16,17,Vancouver Furious George,-,17,2017-09-28,CLUB_MEN
17,18,Atlanta Chain Lightning,-,18,2017-09-28,CLUB_MEN
18,19,Chicago Machine,-,19,2017-09-28,CLUB_MEN
19,20,Pittsburgh Temper,-,20,2017-09-28,CLUB_MEN
20,21,Minneapolis Sub Zero,-,21,2017-09-28,CLUB_MEN
21,22,Madison Club,-,22,2017-09-28,CLUB_MEN
22,23,Baltimore Medicine Men,-,23,2017-09-28,CLUB_MEN
23,24,Huntsville Freaks,-,24,2017-09-28,CLUB_MEN
24,25,New Jersey Garden State Ultimate,,-,2017-09-28,CLUB_MEN
0,1,Seattle Sockeye,+2,3,2017-09-28,CLUB_MEN
1,2,San Francisco Revolver,-1,1,2017-09-28,CLUB_MEN
2,3,Washington DC Truck Stop,-1,2,2017-09-28,CLUB_MEN
3,4,Raleigh Ring Of Fire,+1,5,2017-09-28,CLUB_MEN
4,5,Denver Johnny Bravo,+1,6,2017-09-28,CLUB_MEN
5,6,Michigan High Five,+1,7,2017-09-28,CLUB_MEN
6,7,Boston Ironside,-3,4,2017-09-28,CLUB_MEN
7,8,Austin Doublewide,-,8,2017-09-28,CLUB_MEN
8,9,New York PoNY,-,9,2017-09-28,CLUB_MEN
9,10,Boston Dig,-,10,2017-09-28,CLUB_MEN
10,11,Oakland Guerrilla,-,11,2017-09-28,CLUB_MEN
11,12,Philadelphia Patrol,-,12,2017-09-28,CLUB_MEN
12,13,Florida United,-,13,2017-09-28,CLUB_MEN
13,14,Portland Rhino Slam!,-,14,2017-09-28,CLUB_MEN
14,15,SoCal Condors,-,15,2017-09-28,CLUB_MEN
15,16,Toronto GOAT,-,16,2017-09-28,CLUB_MEN
16,17,Vancouver Furious George,-,17,2017-09-28,CLUB_MEN
17,18,Atlanta Chain Lightning,-,18,2017-09-28,CLUB_MEN
18,19,Chicago Machine,-,19,2017-09-28,CLUB_MEN
19,20,Pittsburgh Temper,-,20,2017-09-28,CLUB_MEN
20,21,Minneapolis Sub Zero,-,21,2017-09-28,CLUB_MEN
21,22,Madison Club,-,22,2017-09-28,CLUB_MEN
22,23,Baltimore Medicine Men,-,23,2017-09-28,CLUB_MEN
23,24,Huntsville Freaks,-,24,2017-09-28,CLUB_MEN
24,25,Richmond Floodwall,-,25,2017-09-28,CLUB_MEN
0,1,San Francisco Revolver,-,1,2017-09-28,CLUB_MEN
1,2,Washington DC Truck Stop,-,2,2017-09-28,CLUB_MEN
2,3,Seattle Sockeye,-,3,2017-09-28,CLUB_MEN
3,4,Boston Ironside,-,4,2017-09-28,CLUB_MEN
4,5,Raleigh Ring Of Fire,-,5,2017-09-28,CLUB_MEN
5,6,Denver Johnny Bravo,-,6,2017-09-28,CLUB_MEN
6,7,Michigan High Five,-,7,2017-09-28,CLUB_MEN
7,8,Austin Doublewide,-,8,2017-09-28,CLUB_MEN
8,9,New York PoNY,-,9,2017-09-28,CLUB_MEN
9,10,Boston Dig,-,10,2017-09-28,CLUB_MEN
10,11,Oakland Guerrilla,-,11,2017-09-28,CLUB_MEN
11,12,Philadelphia Patrol,-,12,2017-09-28,CLUB_MEN
12,13,Florida United,-,13,2017-09-28,CLUB_MEN
13,14,Portland Rhino Slam!,-,14,2017-09-28,CLUB_MEN
14,15,SoCal Condors,+9,24,2017-09-28,CLUB_MEN
15,16,Toronto GOAT,-1,15,2017-09-28,CLUB_MEN
16,17,Vancouver Furious George,-1,16,2017-09-28,CLUB_MEN
17,18,Atlanta Chain Lightning,-1,17,2017-09-28,CLUB_MEN
18,19,Chicago Machine,-1,18,2017-09-28,CLUB_MEN
19,20,Pittsburgh Temper,+1,21,2017-09-28,CLUB_MEN
20,21,Minneapolis Sub Zero,-2,19,2017-09-28,CLUB_MEN
21,22,Madison Club,-2,20,2017-09-28,CLUB_MEN
22,23,Baltimore Medicine Men,,-,2017-09-28,CLUB_MEN
23,24,Huntsville Freaks,+1,25,2017-09-28,CLUB_MEN
24,25,Richmond Floodwall,,-,2017-09-28,CLUB_MEN
0,1,San Francisco Revolver,-,1,2017-09-28,CLUB_MEN
1,2,Washington DC Truck Stop,-,2,2017-09-28,CLUB_MEN
2,3,Seattle Sockeye,-,3,2017-09-28,CLUB_MEN
3,4,Boston Ironside,-,4,2017-09-28,CLUB_MEN
4,5,Raleigh Ring Of Fire,-,5,2017-09-28,CLUB_MEN
5,6,Denver Johnny Bravo,-,6,2017-09-28,CLUB_MEN
6,7,Michigan High Five,-,7,2017-09-28,CLUB_MEN
7,8,Austin Doublewide,-,8,2017-09-28,CLUB_MEN
8,9,New York PoNY,-,9,2017-09-28,CLUB_MEN
9,10,Boston Dig,-,10,2017-09-28,CLUB_MEN
10,11,Oakland Guerrilla,-,11,2017-09-28,CLUB_MEN
11,12,Philadelphia Patrol,-,12,2017-09-28,CLUB_MEN
12,13,Florida United,-,13,2017-09-28,CLUB_MEN
13,14,Portland Rhino Slam!,-,14,2017-09-28,CLUB_MEN
14,15,Toronto GOAT,-,15,2017-09-28,CLUB_MEN
15,16,Vancouver Furious George,-,16,2017-09-28,CLUB_MEN
16,17,Atlanta Chain Lightning,-,17,2017-09-28,CLUB_MEN
17,18,Chicago Machine,-,18,2017-09-28,CLUB_MEN
18,19,Minneapolis Sub Zero,-,19,2017-09-28,CLUB_MEN
19,20,Madison Club,-,20,2017-09-28,CLUB_MEN
20,21,Pittsburgh Temper,-,21,2017-09-28,CLUB_MEN
21,22,Kansas City Prairie Fire,-,22,2017-09-28,CLUB_MEN
22,23,Denver Inception,-,23,2017-09-28,CLUB_MEN
23,24,SoCal Condors,-,24,2017-09-28,CLUB_MEN
24,25,Huntsville Freaks,-,25,2017-09-28,CLUB_MEN
0,1,San Francisco Revolver,-,1,2017-09-28,CLUB_MEN
1,2,Washington DC Truck Stop,-,2,2017-09-28,CLUB_MEN
2,3,Seattle Sockeye,-,3,2017-09-28,CLUB_MEN
3,4,Boston Ironside,-,4,2017-09-28,CLUB_MEN
4,5,Raleigh Ring Of Fire,-,5,2017-09-28,CLUB_MEN
5,6,Denver Johnny Bravo,-,6,2017-09-28,CLUB_MEN
6,7,Michigan High Five,-,7,2017-09-28,CLUB_MEN
7,8,Austin Doublewide,-,8,2017-09-28,CLUB_MEN
8,9,New York PoNY,-,9,2017-09-28,CLUB_MEN
9,10,Boston Dig,-,10,2017-09-28,CLUB_MEN
10,11,Oakland Guerrilla,-,11,2017-09-28,CLUB_MEN
11,12,Philadelphia Patrol,-,12,2017-09-28,CLUB_MEN
12,13,Florida United,-,13,2017-09-28,CLUB_MEN
13,14,Portland Rhino Slam!,-,14,2017-09-28,CLUB_MEN
14,15,Toronto GOAT,-,15,2017-09-28,CLUB_MEN
15,16,Vancouver Furious George,-,16,2017-09-28,CLUB_MEN
16,17,Atlanta Chain Lightning,-,17,2017-09-28,CLUB_MEN
17,18,Chicago Machine,-,18,2017-09-28,CLUB_MEN
18,19,Minneapolis Sub Zero,-,19,2017-09-28,CLUB_MEN
19,20,Madison Club,-,20,2017-09-28,CLUB_MEN
20,21,Pittsburgh Temper,-,21,2017-09-28,CLUB_MEN
21,22,Kansas City Prairie Fire,-,22,2017-09-28,CLUB_MEN
22,23,Denver Inception,-,23,2017-09-28,CLUB_MEN
23,24,SoCal Condors,-,24,2017-09-28,CLUB_MEN
24,25,Huntsville Freaks,-,25,2017-09-28,CLUB_MEN
0,1,San Francisco Revolver,-,1,2017-09-28,CLUB_MEN
1,2,Washington DC Truck Stop,+5,7,2017-09-28,CLUB_MEN
2,3,Seattle Sockeye,-,3,2017-09-28,CLUB_MEN
3,4,Boston Ironside,-2,2,2017-09-28,CLUB_MEN
4,5,Raleigh Ring Of Fire,-,5,2017-09-28,CLUB_MEN
5,6,Denver Johnny Bravo,-2,4,2017-09-28,CLUB_MEN
6,7,Michigan High Five,+2,9,2017-09-28,CLUB_MEN
7,8,Austin Doublewide,-2,6,2017-09-28,CLUB_MEN
8,9,New York PoNY,-1,8,2017-09-28,CLUB_MEN
9,10,Boston Dig,+2,12,2017-09-28,CLUB_MEN
10,11,Oakland Guerrilla,+4,15,2017-09-28,CLUB_MEN
11,12,Philadelphia Patrol,-2,10,2017-09-28,CLUB_MEN
12,13,Florida United,+1,14,2017-09-28,CLUB_MEN
13,14,Portland Rhino Slam!,+6,20,2017-09-28,CLUB_MEN
14,15,Toronto GOAT,+2,17,2017-09-28,CLUB_MEN
15,16,Vancouver Furious George,-3,13,2017-09-28,CLUB_MEN
16,17,Atlanta Chain Lightning,+4,21,2017-09-28,CLUB_MEN
17,18,Chicago Machine,-2,16,2017-09-28,CLUB_MEN
18,19,Minneapolis Sub Zero,-1,18,2017-09-28,CLUB_MEN
19,20,Madison Club,-9,11,2017-09-28,CLUB_MEN
20,21,Pittsburgh Temper,-2,19,2017-09-28,CLUB_MEN
21,22,Kansas City Prairie Fire,-,22,2017-09-28,CLUB_MEN
22,23,Denver Inception,-,23,2017-09-28,CLUB_MEN
23,24,SoCal Condors,-,24,2017-09-28,CLUB_MEN
24,25,Huntsville Freaks,,-,2017-09-28,CLUB_MEN
0,1,San Francisco Revolver,-,1,2017-09-28,CLUB_MEN
1,2,Boston Ironside,-,2,2017-09-28,CLUB_MEN
2,3,Seattle Sockeye,-,3,2017-09-28,CLUB_MEN
3,4,Denver Johnny Bravo,-,4,2017-09-28,CLUB_MEN
4,5,Raleigh Ring Of Fire,-,5,2017-09-28,CLUB_MEN
5,6,Austin Doublewide,-,6,2017-09-28,CLUB_MEN
6,7,Washington DC Truck Stop,-,7,2017-09-28,CLUB_MEN
7,8,New York PoNY,-,8,2017-09-28,CLUB_MEN
8,9,Michigan High Five,-,9,2017-09-28,CLUB_MEN
9,10,Philadelphia Patrol,-,10,2017-09-28,CLUB_MEN
10,11,Madison Club,-,11,2017-09-28,CLUB_MEN
11,12,Boston Dig,-,12,2017-09-28,CLUB_MEN
12,13,Vancouver Furious George,-,13,2017-09-28,CLUB_MEN
13,14,Florida United,-,14,2017-09-28,CLUB_MEN
14,15,Oakland Guerrilla,-,15,2017-09-28,CLUB_MEN
15,16,Chicago Machine,-,16,2017-09-28,CLUB_MEN
16,17,Toronto GOAT,-,17,2017-09-28,CLUB_MEN
17,18,Minneapolis Sub Zero,-,18,2017-09-28,CLUB_MEN
18,19,Pittsburgh Temper,-,19,2017-09-28,CLUB_MEN
19,20,Portland Rhino Slam!,-,20,2017-09-28,CLUB_MEN
20,21,Atlanta Chain Lightning,-,21,2017-09-28,CLUB_MEN
21,22,Kansas City Prairie Fire,-,22,2017-09-28,CLUB_MEN
22,23,Denver Inception,-,23,2017-09-28,CLUB_MEN
23,24,SoCal Condors,-,24,2017-09-28,CLUB_MEN
24,25,Baltimore Medicine Men,-,25,2017-09-28,CLUB_MEN
0,1,San Francisco Revolver,,,2017-09-28,CLUB_MEN
1,2,Boston Ironside,,,2017-09-28,CLUB_MEN
2,3,Seattle Sockeye,,,2017-09-28,CLUB_MEN
3,4,Denver Johnny Bravo,,,2017-09-28,CLUB_MEN
4,5,Raleigh Ring Of Fire,,,2017-09-28,CLUB_MEN
5,6,Austin Doublewide,,,2017-09-28,CLUB_MEN
6,7,Washington DC Truck Stop,,,2017-09-28,CLUB_MEN
7,8,New York PoNY,,,2017-09-28,CLUB_MEN
8,9,Michigan High Five,,,2017-09-28,CLUB_MEN
9,10,Philadelphia Patrol,,,2017-09-28,CLUB_MEN
10,11,Madison Club,,,2017-09-28,CLUB_MEN
11,12,Boston Dig,,,2017-09-28,CLUB_MEN
12,13,Vancouver Furious George,,,2017-09-28,CLUB_MEN
13,14,Florida United,,,2017-09-28,CLUB_MEN
14,15,Oakland Guerrilla,,,2017-09-28,CLUB_MEN
15,16,Chicago Machine,,,2017-09-28,CLUB_MEN
16,17,Toronto GOAT,,,2017-09-28,CLUB_MEN
17,18,Minneapolis Sub Zero,,,2017-09-28,CLUB_MEN
18,19,Pittsburgh Temper,,,2017-09-28,CLUB_MEN
19,20,Portland Rhino Slam!,,,2017-09-28,CLUB_MEN
20,21,Atlanta Chain Lightning,,,2017-09-28,CLUB_MEN
21,22,Kansas City Prairie Fire,,,2017-09-28,CLUB_MEN
22,23,Denver Inception,,,2017-09-28,CLUB_MEN
23,24,SoCal Condors,,,2017-09-28,CLUB_MEN
24,25,Baltimore Medicine Men,,,2017-09-28,CLUB_MEN
0,1,San Francisco Revolver,+1,2,2016-08-25,CLUB_MEN
1,2,Boston Ironside,+1,3,2016-08-25,CLUB_MEN
2,3,Washington DC Truck Stop,+1,4,2016-08-25,CLUB_MEN
3,4,Denver Johnny Bravo,+1,5,2016-08-25,CLUB_MEN
4,5,Madison Club,+1,6,2016-08-25,CLUB_MEN
5,6,Kansas City Prairie Fire,+11,17,2016-08-25,CLUB_MEN
6,7,Seattle Sockeye,-6,1,2016-08-25,CLUB_MEN
7,8,Houston H.I.P.,+12,20,2016-08-25,CLUB_MEN
8,9,Austin Doublewide,-2,7,2016-08-25,CLUB_MEN
9,10,New York PoNY,-1,9,2016-08-25,CLUB_MEN
10,11,Philadelphia Patrol,-3,8,2016-08-25,CLUB_MEN
11,12,Toronto GOAT,-2,10,2016-08-25,CLUB_MEN
12,13,Chicago Machine,-2,11,2016-08-25,CLUB_MEN
13,14,Portland Rhino Slam!,-2,12,2016-08-25,CLUB_MEN
14,15,Michigan High Five,-2,13,2016-08-25,CLUB_MEN
15,16,Minneapolis Sub Zero,+2,18,2016-08-25,CLUB_MEN
16,17,Raleigh Ring Of Fire,-3,14,2016-08-25,CLUB_MEN
17,18,Florida United,-3,15,2016-08-25,CLUB_MEN
18,19,Atlanta Chain Lightning,-3,16,2016-08-25,CLUB_MEN
19,20,Montreal Mockingbird,-1,19,2016-08-25,CLUB_MEN
20,21,Oakland Guerrilla,+1,22,2016-08-25,CLUB_MEN
21,22,Boston Dig,-1,21,2016-08-25,CLUB_MEN
22,23,Baltimore Medicine Men,-,23,2016-08-25,CLUB_MEN
23,24,SoCal Condors,-,24,2016-08-25,CLUB_MEN
24,25,Pittsburgh Temper,-,25,2016-08-25,CLUB_MEN
0,1,Seattle Sockeye,-,1,2016-08-25,CLUB_MEN
1,2,San Francisco Revolver,-,2,2016-08-25,CLUB_MEN
2,3,Boston Ironside,+5,8,2016-08-25,CLUB_MEN
3,4,Washington DC Truck Stop,-1,3,2016-08-25,CLUB_MEN
4,5,Denver Johnny Bravo,-,5,2016-08-25,CLUB_MEN
5,6,Madison Club,+3,9,2016-08-25,CLUB_MEN
6,7,Austin Doublewide,+3,10,2016-08-25,CLUB_MEN
7,8,Philadelphia Patrol,+5,13,2016-08-25,CLUB_MEN
8,9,New York PoNY,+3,12,2016-08-25,CLUB_MEN
9,10,Toronto GOAT,-6,4,2016-08-25,CLUB_MEN
10,11,Chicago Machine,-5,6,2016-08-25,CLUB_MEN
11,12,Portland Rhino Slam!,-1,11,2016-08-25,CLUB_MEN
12,13,Michigan High Five,-6,7,2016-08-25,CLUB_MEN
13,14,Raleigh Ring Of Fire,-,14,2016-08-25,CLUB_MEN
14,15,Florida United,-,15,2016-08-25,CLUB_MEN
15,16,Atlanta Chain Lightning,-,16,2016-08-25,CLUB_MEN
16,17,Kansas City Prairie Fire,+1,18,2016-08-25,CLUB_MEN
17,18,Minneapolis Sub Zero,+1,19,2016-08-25,CLUB_MEN
18,19,Montreal Mockingbird,+1,20,2016-08-25,CLUB_MEN
19,20,Houston H.I.P.,,-,2016-08-25,CLUB_MEN
20,21,Boston Dig,+1,22,2016-08-25,CLUB_MEN
21,22,Oakland Guerrilla,+1,23,2016-08-25,CLUB_MEN
22,23,Baltimore Medicine Men,,-,2016-08-25,CLUB_MEN
23,24,SoCal Condors,-3,21,2016-08-25,CLUB_MEN
24,25,Pittsburgh Temper,,-,2016-08-25,CLUB_MEN
0,1,Seattle Sockeye,-,1,2016-08-25,CLUB_MEN
1,2,San Francisco Revolver,-,2,2016-08-25,CLUB_MEN
2,3,Washington DC Truck Stop,+2,5,2016-08-25,CLUB_MEN
3,4,Toronto GOAT,+2,6,2016-08-25,CLUB_MEN
4,5,Denver Johnny Bravo,+4,9,2016-08-25,CLUB_MEN
5,6,Chicago Machine,-3,3,2016-08-25,CLUB_MEN
6,7,Michigan High Five,+6,13,2016-08-25,CLUB_MEN
7,8,Boston Ironside,-4,4,2016-08-25,CLUB_MEN
8,9,Madison Club,-1,8,2016-08-25,CLUB_MEN
9,10,Austin Doublewide,+4,14,2016-08-25,CLUB_MEN
10,11,Portland Rhino Slam!,-,11,2016-08-25,CLUB_MEN
11,12,New York PoNY,-2,10,2016-08-25,CLUB_MEN
12,13,Philadelphia Patrol,-1,12,2016-08-25,CLUB_MEN
13,14,Raleigh Ring Of Fire,-7,7,2016-08-25,CLUB_MEN
14,15,Florida United,-,15,2016-08-25,CLUB_MEN
15,16,Atlanta Chain Lightning,+1,17,2016-08-25,CLUB_MEN
16,17,Vancouver Furious George,+1,18,2016-08-25,CLUB_MEN
17,18,Kansas City Prairie Fire,-2,16,2016-08-25,CLUB_MEN
18,19,Minneapolis Sub Zero,+2,21,2016-08-25,CLUB_MEN
19,20,Montreal Mockingbird,+2,22,2016-08-25,CLUB_MEN
20,21,SoCal Condors,+2,23,2016-08-25,CLUB_MEN
21,22,Boston Dig,+2,24,2016-08-25,CLUB_MEN
22,23,Oakland Guerrilla,,-,2016-08-25,CLUB_MEN
23,24,Huntsville Freaks,+1,25,2016-08-25,CLUB_MEN
24,25,Denver Inception,-5,20,2016-08-25,CLUB_MEN
0,1,Seattle Sockeye,-,1,2016-08-25,CLUB_MEN
1,2,San Francisco Revolver,-,2,2016-08-25,CLUB_MEN
2,3,Chicago Machine,-,3,2016-08-25,CLUB_MEN
3,4,Boston Ironside,-,4,2016-08-25,CLUB_MEN
4,5,Washington DC Truck Stop,-,5,2016-08-25,CLUB_MEN
5,6,Toronto GOAT,-,6,2016-08-25,CLUB_MEN
6,7,Raleigh Ring Of Fire,-,7,2016-08-25,CLUB_MEN
7,8,Madison Club,-,8,2016-08-25,CLUB_MEN
8,9,Denver Johnny Bravo,-,9,2016-08-25,CLUB_MEN
9,10,New York PoNY,-,10,2016-08-25,CLUB_MEN
10,11,Portland Rhino Slam!,-,11,2016-08-25,CLUB_MEN
11,12,Philadelphia Patrol,-,12,2016-08-25,CLUB_MEN
12,13,Michigan High Five,-,13,2016-08-25,CLUB_MEN
13,14,Austin Doublewide,-,14,2016-08-25,CLUB_MEN
14,15,Florida United,-,15,2016-08-25,CLUB_MEN
15,16,Kansas City Prairie Fire,-,16,2016-08-25,CLUB_MEN
16,17,Atlanta Chain Lightning,-,17,2016-08-25,CLUB_MEN
17,18,Vancouver Furious George,-,18,2016-08-25,CLUB_MEN
18,19,Pittsburgh Temper,-,19,2016-08-25,CLUB_MEN
19,20,Denver Inception,-,20,2016-08-25,CLUB_MEN
20,21,Minneapolis Sub Zero,-,21,2016-08-25,CLUB_MEN
21,22,Montreal Mockingbird,-,22,2016-08-25,CLUB_MEN
22,23,SoCal Condors,+1,24,2016-08-25,CLUB_MEN
23,24,Boston Dig,+1,25,2016-08-25,CLUB_MEN
24,25,Huntsville Freaks,,-,2016-08-25,CLUB_MEN
0,1,Seattle Sockeye,-,1,2016-08-25,CLUB_MEN
1,2,San Francisco Revolver,-,2,2016-08-25,CLUB_MEN
2,3,Chicago Machine,-,3,2016-08-25,CLUB_MEN
3,4,Boston Ironside,-,4,2016-08-25,CLUB_MEN
4,5,Washington DC Truck Stop,-,5,2016-08-25,CLUB_MEN
5,6,Toronto GOAT,+3,9,2016-08-25,CLUB_MEN
6,7,Raleigh Ring Of Fire,-1,6,2016-08-25,CLUB_MEN
7,8,Madison Club,-1,7,2016-08-25,CLUB_MEN
8,9,Denver Johnny Bravo,-1,8,2016-08-25,CLUB_MEN
9,10,New York PoNY,+4,14,2016-08-25,CLUB_MEN
10,11,Portland Rhino Slam!,-1,10,2016-08-25,CLUB_MEN
11,12,Philadelphia Patrol,-,12,2016-08-25,CLUB_MEN
12,13,Michigan High Five,-2,11,2016-08-25,CLUB_MEN
13,14,Austin Doublewide,-1,13,2016-08-25,CLUB_MEN
14,15,Florida United,-,15,2016-08-25,CLUB_MEN
15,16,Kansas City Prairie Fire,-,16,2016-08-25,CLUB_MEN
16,17,Atlanta Chain Lightning,+1,18,2016-08-25,CLUB_MEN
17,18,Vancouver Furious George,+1,19,2016-08-25,CLUB_MEN
18,19,Pittsburgh Temper,+1,20,2016-08-25,CLUB_MEN
19,20,Denver Inception,,-,2016-08-25,CLUB_MEN
20,21,Minneapolis Sub Zero,-4,17,2016-08-25,CLUB_MEN
21,22,Montreal Mockingbird,-1,21,2016-08-25,CLUB_MEN
22,23,Durham Turbine,-1,22,2016-08-25,CLUB_MEN
23,24,SoCal Condors,-1,23,2016-08-25,CLUB_MEN
24,25,Boston Dig,-1,24,2016-08-25,CLUB_MEN
0,1,Seattle Sockeye,+1,2,2016-08-25,CLUB_MEN
1,2,San Francisco Revolver,-1,1,2016-08-25,CLUB_MEN
2,3,Chicago Machine,+2,5,2016-08-25,CLUB_MEN
3,4,Boston Ironside,-1,3,2016-08-25,CLUB_MEN
4,5,Washington DC Truck Stop,-1,4,2016-08-25,CLUB_MEN
5,6,Raleigh Ring Of Fire,-,6,2016-08-25,CLUB_MEN
6,7,Madison Club,-,7,2016-08-25,CLUB_MEN
7,8,Denver Johnny Bravo,-,8,2016-08-25,CLUB_MEN
8,9,Toronto GOAT,-,9,2016-08-25,CLUB_MEN
9,10,Portland Rhino Slam!,-,10,2016-08-25,CLUB_MEN
10,11,Michigan High Five,-,11,2016-08-25,CLUB_MEN
11,12,Philadelphia Patrol,-,12,2016-08-25,CLUB_MEN
12,13,Austin Doublewide,-,13,2016-08-25,CLUB_MEN
13,14,New York PoNY,-,14,2016-08-25,CLUB_MEN
14,15,Florida United,-,15,2016-08-25,CLUB_MEN
15,16,Kansas City Prairie Fire,-,16,2016-08-25,CLUB_MEN
16,17,Minneapolis Sub Zero,+1,18,2016-08-25,CLUB_MEN
17,18,Atlanta Chain Lightning,+1,19,2016-08-25,CLUB_MEN
18,19,Vancouver Furious George,+1,20,2016-08-25,CLUB_MEN
19,20,Pittsburgh Temper,+1,21,2016-08-25,CLUB_MEN
20,21,Montreal Mockingbird,+1,22,2016-08-25,CLUB_MEN
21,22,Durham Turbine,+2,24,2016-08-25,CLUB_MEN
22,23,SoCal Condors,,-,2016-08-25,CLUB_MEN
23,24,Boston Dig,-1,23,2016-08-25,CLUB_MEN
24,25,Houston H.I.P.,-,25,2016-08-25,CLUB_MEN
0,1,San Francisco Revolver,-,1,2016-08-25,CLUB_MEN
1,2,Seattle Sockeye,-,2,2016-08-25,CLUB_MEN
2,3,Boston Ironside,-,3,2016-08-25,CLUB_MEN
3,4,Washington DC Truck Stop,-,4,2016-08-25,CLUB_MEN
4,5,Chicago Machine,-,5,2016-08-25,CLUB_MEN
5,6,Raleigh Ring Of Fire,-,6,2016-08-25,CLUB_MEN
6,7,Madison Club,-,7,2016-08-25,CLUB_MEN
7,8,Denver Johnny Bravo,-,8,2016-08-25,CLUB_MEN
8,9,Toronto GOAT,-,9,2016-08-25,CLUB_MEN
9,10,Portland Rhino Slam!,-,10,2016-08-25,CLUB_MEN
10,11,Michigan High Five,-,11,2016-08-25,CLUB_MEN
11,12,Philadelphia Patrol,-,12,2016-08-25,CLUB_MEN
12,13,Austin Doublewide,-,13,2016-08-25,CLUB_MEN
13,14,New York PoNY,-,14,2016-08-25,CLUB_MEN
14,15,Florida United,-,15,2016-08-25,CLUB_MEN
15,16,Kansas City Prairie Fire,-,16,2016-08-25,CLUB_MEN
16,17,Oakland Guerrilla,-,17,2016-08-25,CLUB_MEN
17,18,Minneapolis Sub Zero,-,18,2016-08-25,CLUB_MEN
18,19,Atlanta Chain Lightning,-,19,2016-08-25,CLUB_MEN
19,20,Vancouver Furious George,-,20,2016-08-25,CLUB_MEN
20,21,Pittsburgh Temper,-,21,2016-08-25,CLUB_MEN
21,22,Montreal Mockingbird,-,22,2016-08-25,CLUB_MEN
22,23,Boston Dig,-,23,2016-08-25,CLUB_MEN
23,24,Durham Turbine,-,24,2016-08-25,CLUB_MEN
24,25,Houston H.I.P.,-,25,2016-08-25,CLUB_MEN
0,1,San Francisco Revolver,,,2016-08-25,CLUB_MEN
1,2,Seattle Sockeye,,,2016-08-25,CLUB_MEN
2,3,Boston Ironside,,,2016-08-25,CLUB_MEN
3,4,Washington DC Truck Stop,,,2016-08-25,CLUB_MEN
4,5,Chicago Machine,,,2016-08-25,CLUB_MEN
5,6,Raleigh Ring Of Fire,,,2016-08-25,CLUB_MEN
6,7,Madison Club,,,2016-08-25,CLUB_MEN
7,8,Denver Johnny Bravo,,,2016-08-25,CLUB_MEN
8,9,Toronto GOAT,,,2016-08-25,CLUB_MEN
9,10,Portland Rhino Slam!,,,2016-08-25,CLUB_MEN
10,11,Michigan High Five,,,2016-08-25,CLUB_MEN
11,12,Philadelphia Patrol,,,2016-08-25,CLUB_MEN
12,13,Austin Doublewide,,,2016-08-25,CLUB_MEN
13,14,New York PoNY,,,2016-08-25,CLUB_MEN
14,15,Florida United,,,2016-08-25,CLUB_MEN
15,16,Kansas City Prairie Fire,,,2016-08-25,CLUB_MEN
16,17,Oakland Guerrilla,,,2016-08-25,CLUB_MEN
17,18,Minneapolis Sub Zero,,,2016-08-25,CLUB_MEN
18,19,Atlanta Chain Lightning,,,2016-08-25,CLUB_MEN
19,20,Vancouver Furious George,,,2016-08-25,CLUB_MEN
20,21,Pittsburgh Temper,,,2016-08-25,CLUB_MEN
21,22,Montreal Mockingbird,,,2016-08-25,CLUB_MEN
22,23,Boston Dig,,,2016-08-25,CLUB_MEN
23,24,Durham Turbine,,,2016-08-25,CLUB_MEN
24,25,Houston H.I.P.,,,2016-08-25,CLUB_MEN
0,1,San Francisco Revolver,-,1,2015-09-14,CLUB_MEN
1,2,Michigan High Five,+10,12,2015-09-14,CLUB_MEN
2,3,Denver Johnny Bravo,+1,4,2015-09-14,CLUB_MEN
3,4,Washington DC Truck Stop,+3,7,2015-09-14,CLUB_MEN
4,5,Austin Doublewide,+3,8,2015-09-14,CLUB_MEN
5,6,Boston Ironside,+3,9,2015-09-14,CLUB_MEN
6,7,Portland Rhino Slam!,+6,13,2015-09-14,CLUB_MEN
7,8,Seattle Sockeye,-6,2,2015-09-14,CLUB_MEN
8,9,Toronto GOAT,-6,3,2015-09-14,CLUB_MEN
9,10,Florida United,+4,14,2015-09-14,CLUB_MEN
10,11,Raleigh Ring Of Fire,-5,6,2015-09-14,CLUB_MEN
11,12,Chicago Machine,-7,5,2015-09-14,CLUB_MEN
12,13,New York PoNY,-3,10,2015-09-14,CLUB_MEN
13,14,Madison Club,+3,17,2015-09-14,CLUB_MEN
14,15,Philadelphia Patrol,-4,11,2015-09-14,CLUB_MEN
15,16,Minneapolis Sub Zero,+3,19,2015-09-14,CLUB_MEN
16,17,Pittsburgh Temper,-2,15,2015-09-14,CLUB_MEN
17,18,Kansas City Prairie Fire,-,18,2015-09-14,CLUB_MEN
18,19,San Diego Streetgang,+4,23,2015-09-14,CLUB_MEN
19,20,Denver Inception,+5,25,2015-09-14,CLUB_MEN
20,21,SoCal Condors,+1,22,2015-09-14,CLUB_MEN
21,22,Ottawa Phoenix,,-,2015-09-14,CLUB_MEN
22,23,Vancouver Furious George,,-,2015-09-14,CLUB_MEN
23,24,Houston H.I.P.,,-,2015-09-14,CLUB_MEN
24,25,Baltimore Medicine Men,,-,2015-09-14,CLUB_MEN
0,1,San Francisco Revolver,-,1,2015-09-14,CLUB_MEN
1,2,Seattle Sockeye,+9,11,2015-09-14,CLUB_MEN
2,3,Toronto GOAT,-,3,2015-09-14,CLUB_MEN
3,4,Denver Johnny Bravo,-,4,2015-09-14,CLUB_MEN
4,5,Chicago Machine,+4,9,2015-09-14,CLUB_MEN
5,6,Raleigh Ring Of Fire,-,6,2015-09-14,CLUB_MEN
6,7,Washington DC Truck Stop,-5,2,2015-09-14,CLUB_MEN
7,8,Austin Doublewide,-3,5,2015-09-14,CLUB_MEN
8,9,Boston Ironside,-2,7,2015-09-14,CLUB_MEN
9,10,New York PoNY,+5,15,2015-09-14,CLUB_MEN
10,11,Philadelphia Patrol,-1,10,2015-09-14,CLUB_MEN
11,12,Michigan High Five,-4,8,2015-09-14,CLUB_MEN
12,13,Portland Rhino Slam!,-1,12,2015-09-14,CLUB_MEN
13,14,Florida United,-1,13,2015-09-14,CLUB_MEN
14,15,Pittsburgh Temper,-1,14,2015-09-14,CLUB_MEN
15,16,Atlanta Chain Lightning,+3,19,2015-09-14,CLUB_MEN
16,17,Madison Club,-,17,2015-09-14,CLUB_MEN
17,18,Kansas City Prairie Fire,+3,21,2015-09-14,CLUB_MEN
18,19,Minneapolis Sub Zero,+3,22,2015-09-14,CLUB_MEN
19,20,Tuscaloosa Southern Hospitality,-2,18,2015-09-14,CLUB_MEN
20,21,New Jersey Garden State Ultimate,-1,20,2015-09-14,CLUB_MEN
21,22,SoCal Condors,+1,23,2015-09-14,CLUB_MEN
22,23,San Diego Streetgang,+1,24,2015-09-14,CLUB_MEN
23,24,Phoenix Sprawl,+1,25,2015-09-14,CLUB_MEN
24,25,Denver Inception,,-,2015-09-14,CLUB_MEN
0,1,San Francisco Revolver,-,1,2015-09-14,CLUB_MEN
1,2,Washington DC Truck Stop,+1,3,2015-09-14,CLUB_MEN
2,3,Toronto GOAT,+3,6,2015-09-14,CLUB_MEN
3,4,Denver Johnny Bravo,+3,7,2015-09-14,CLUB_MEN
4,5,Austin Doublewide,-3,2,2015-09-14,CLUB_MEN
5,6,Raleigh Ring Of Fire,-2,4,2015-09-14,CLUB_MEN
6,7,Boston Ironside,+1,8,2015-09-14,CLUB_MEN
7,8,Michigan High Five,+4,12,2015-09-14,CLUB_MEN
8,9,Chicago Machine,-,9,2015-09-14,CLUB_MEN
9,10,Philadelphia Patrol,+11,21,2015-09-14,CLUB_MEN
10,11,Seattle Sockeye,-6,5,2015-09-14,CLUB_MEN
11,12,Portland Rhino Slam!,-2,10,2015-09-14,CLUB_MEN
12,13,Florida United,+5,18,2015-09-14,CLUB_MEN
13,14,Pittsburgh Temper,-3,11,2015-09-14,CLUB_MEN
14,15,New York PoNY,-,15,2015-09-14,CLUB_MEN
15,16,Vancouver Furious George,+1,17,2015-09-14,CLUB_MEN
16,17,Madison Club,+2,19,2015-09-14,CLUB_MEN
17,18,Tuscaloosa Southern Hospitality,,-,2015-09-14,CLUB_MEN
18,19,Atlanta Chain Lightning,-5,14,2015-09-14,CLUB_MEN
19,20,New Jersey Garden State Ultimate,+5,25,2015-09-14,CLUB_MEN
20,21,Kansas City Prairie Fire,-5,16,2015-09-14,CLUB_MEN
21,22,Minneapolis Sub Zero,-9,13,2015-09-14,CLUB_MEN
22,23,SoCal Condors,-3,20,2015-09-14,CLUB_MEN
23,24,San Diego Streetgang,-2,22,2015-09-14,CLUB_MEN
24,25,Phoenix Sprawl,,-,2015-09-14,CLUB_MEN
0,1,San Francisco Revolver,-,1,2015-09-14,CLUB_MEN
1,2,Austin Doublewide,-,2,2015-09-14,CLUB_MEN
2,3,Washington DC Truck Stop,+2,5,2015-09-14,CLUB_MEN
3,4,Raleigh Ring Of Fire,-,4,2015-09-14,CLUB_MEN
4,5,Seattle Sockeye,+1,6,2015-09-14,CLUB_MEN
5,6,Toronto GOAT,+5,11,2015-09-14,CLUB_MEN
6,7,Denver Johnny Bravo,-4,3,2015-09-14,CLUB_MEN
7,8,Boston Ironside,-1,7,2015-09-14,CLUB_MEN
8,9,Chicago Machine,-1,8,2015-09-14,CLUB_MEN
9,10,Portland Rhino Slam!,-1,9,2015-09-14,CLUB_MEN
10,11,Pittsburgh Temper,-1,10,2015-09-14,CLUB_MEN
11,12,Michigan High Five,-,12,2015-09-14,CLUB_MEN
12,13,Minneapolis Sub Zero,-,13,2015-09-14,CLUB_MEN
13,14,Atlanta Chain Lightning,-,14,2015-09-14,CLUB_MEN
14,15,New York PoNY,-,15,2015-09-14,CLUB_MEN
15,16,Kansas City Prairie Fire,-,16,2015-09-14,CLUB_MEN
16,17,Vancouver Furious George,-,17,2015-09-14,CLUB_MEN
17,18,Florida United,-,18,2015-09-14,CLUB_MEN
18,19,Madison Club,-,19,2015-09-14,CLUB_MEN
19,20,SoCal Condors,-,20,2015-09-14,CLUB_MEN
20,21,Philadelphia Patrol,-,21,2015-09-14,CLUB_MEN
21,22,San Diego Streetgang,-,22,2015-09-14,CLUB_MEN
22,23,Boston Garuda,-,23,2015-09-14,CLUB_MEN
23,24,Palo Alto Boost FC,-,24,2015-09-14,CLUB_MEN
24,25,New Jersey Garden State Ultimate,-,25,2015-09-14,CLUB_MEN
0,1,San Francisco Revolver,,,2015-09-14,CLUB_MEN
1,2,Austin Doublewide,,,2015-09-14,CLUB_MEN
2,3,Denver Johnny Bravo,,,2015-09-14,CLUB_MEN
3,4,Raleigh Ring Of Fire,,,2015-09-14,CLUB_MEN
4,5,Washington DC Truck Stop,,,2015-09-14,CLUB_MEN
5,6,Seattle Sockeye,,,2015-09-14,CLUB_MEN
6,7,Boston Ironside,,,2015-09-14,CLUB_MEN
7,8,Chicago Machine,,,2015-09-14,CLUB_MEN
8,9,Portland Rhino Slam!,,,2015-09-14,CLUB_MEN
9,10,Pittsburgh Temper,,,2015-09-14,CLUB_MEN
10,11,Toronto GOAT,,,2015-09-14,CLUB_MEN
11,12,Michigan High Five,,,2015-09-14,CLUB_MEN
12,13,Minneapolis Sub Zero,,,2015-09-14,CLUB_MEN
13,14,Atlanta Chain Lightning,,,2015-09-14,CLUB_MEN
14,15,New York PoNY,,,2015-09-14,CLUB_MEN
15,16,Kansas City Prairie Fire,,,2015-09-14,CLUB_MEN
16,17,Vancouver Furious George,,,2015-09-14,CLUB_MEN
17,18,Florida United,,,2015-09-14,CLUB_MEN
18,19,Madison Club,,,2015-09-14,CLUB_MEN
19,20,SoCal Condors,,,2015-09-14,CLUB_MEN
20,21,Philadelphia Patrol,,,2015-09-14,CLUB_MEN
21,22,San Diego Streetgang,,,2015-09-14,CLUB_MEN
22,23,Boston Garuda,,,2015-09-14,CLUB_MEN
23,24,Palo Alto Boost FC,,,2015-09-14,CLUB_MEN
24,25,New Jersey Garden State Ultimate,,,2015-09-14,CLUB_MEN
0,1,San Francisco Revolver,-,1,2014-10-08,CLUB_MEN
1,2,Chicago Machine,-,2,2014-10-08,CLUB_MEN
2,3,Boston Ironside,-,3,2014-10-08,CLUB_MEN
3,4,Seattle Sockeye,-,4,2014-10-08,CLUB_MEN
4,5,Denver Johnny Bravo,-,5,2014-10-08,CLUB_MEN
5,6,Toronto GOAT,+1,7,2014-10-08,CLUB_MEN
6,7,Raleigh Ring Of Fire,+1,8,2014-10-08,CLUB_MEN
7,8,Austin Doublewide,+2,10,2014-10-08,CLUB_MEN
8,9,Atlanta Chain Lightning,-3,6,2014-10-08,CLUB_MEN
9,10,Portland Rhino Slam!,-1,9,2014-10-08,CLUB_MEN
10,11,Minneapolis Sub Zero,+1,12,2014-10-08,CLUB_MEN
11,12,New York PoNY,+2,14,2014-10-08,CLUB_MEN
12,13,Washington DC Truck Stop,+2,15,2014-10-08,CLUB_MEN
13,14,Michigan High Five,-1,13,2014-10-08,CLUB_MEN
14,15,Kansas City Prairie Fire,+3,18,2014-10-08,CLUB_MEN
15,16,Pittsburgh Temper,+5,21,2014-10-08,CLUB_MEN
16,17,Vancouver Furious George,+3,20,2014-10-08,CLUB_MEN
17,18,Phoenix Sprawl,,-,2014-10-08,CLUB_MEN
18,19,SoCal Condors,-2,17,2014-10-08,CLUB_MEN
19,20,Madison Club,-9,11,2014-10-08,CLUB_MEN
20,21,Orlando Omen,,-,2014-10-08,CLUB_MEN
21,22,Boston Garuda,,-,2014-10-08,CLUB_MEN
22,23,Florida United,+1,24,2014-10-08,CLUB_MEN
23,24,Palo Alto Boost FC,-8,16,2014-10-08,CLUB_MEN
24,25,Utah Powderhogs,,-,2014-10-08,CLUB_MEN
0,1,San Francisco Revolver,-,1,2014-10-08,CLUB_MEN
1,2,Chicago Machine,+3,5,2014-10-08,CLUB_MEN
2,3,Boston Ironside,+1,4,2014-10-08,CLUB_MEN
3,4,Seattle Sockeye,-1,3,2014-10-08,CLUB_MEN
4,5,Denver Johnny Bravo,-3,2,2014-10-08,CLUB_MEN
5,6,Atlanta Chain Lightning,+1,7,2014-10-08,CLUB_MEN
6,7,Toronto GOAT,+6,13,2014-10-08,CLUB_MEN
7,8,Raleigh Ring Of Fire,-2,6,2014-10-08,CLUB_MEN
8,9,Portland Rhino Slam!,-1,8,2014-10-08,CLUB_MEN
9,10,Austin Doublewide,-,10,2014-10-08,CLUB_MEN
10,11,Madison Club,+5,16,2014-10-08,CLUB_MEN
11,12,Minneapolis Sub Zero,-,12,2014-10-08,CLUB_MEN
12,13,Michigan High Five,+10,23,2014-10-08,CLUB_MEN
13,14,New York PoNY,-5,9,2014-10-08,CLUB_MEN
14,15,Washington DC Truck Stop,-1,14,2014-10-08,CLUB_MEN
15,16,Palo Alto Boost FC,+1,17,2014-10-08,CLUB_MEN
16,17,SoCal Condors,-6,11,2014-10-08,CLUB_MEN
17,18,Kansas City Prairie Fire,+1,19,2014-10-08,CLUB_MEN
18,19,Seattle Voodoo,,-,2014-10-08,CLUB_MEN
19,20,Vancouver Furious George,-5,15,2014-10-08,CLUB_MEN
20,21,Pittsburgh Temper,+1,22,2014-10-08,CLUB_MEN
21,22,Philadelphia Patrol,,-,2014-10-08,CLUB_MEN
22,23,San Diego Streetgang,-5,18,2014-10-08,CLUB_MEN
23,24,Florida United,-3,21,2014-10-08,CLUB_MEN
24,25,Columbus Madcow,-5,20,2014-10-08,CLUB_MEN
0,1,San Francisco Revolver,-,1,2014-10-08,CLUB_MEN
1,2,Denver Johnny Bravo,-,2,2014-10-08,CLUB_MEN
2,3,Seattle Sockeye,+2,5,2014-10-08,CLUB_MEN
3,4,Boston Ironside,-1,3,2014-10-08,CLUB_MEN
4,5,Chicago Machine,-1,4,2014-10-08,CLUB_MEN
5,6,Raleigh Ring Of Fire,+2,8,2014-10-08,CLUB_MEN
6,7,Atlanta Chain Lightning,-,7,2014-10-08,CLUB_MEN
7,8,Portland Rhino Slam!,+7,15,2014-10-08,CLUB_MEN
8,9,New York PoNY,-,9,2014-10-08,CLUB_MEN
9,10,Austin Doublewide,-,10,2014-10-08,CLUB_MEN
10,11,SoCal Condors,+5,16,2014-10-08,CLUB_MEN
11,12,Minneapolis Sub Zero,-6,6,2014-10-08,CLUB_MEN
12,13,Toronto GOAT,-2,11,2014-10-08,CLUB_MEN
13,14,Washington DC Truck Stop,-2,12,2014-10-08,CLUB_MEN
14,15,Vancouver Furious George,-1,14,2014-10-08,CLUB_MEN
15,16,Madison Club,+4,20,2014-10-08,CLUB_MEN
16,17,Palo Alto Boost FC,+2,19,2014-10-08,CLUB_MEN
17,18,San Diego Streetgang,,-,2014-10-08,CLUB_MEN
18,19,Kansas City Prairie Fire,-2,17,2014-10-08,CLUB_MEN
19,20,Columbus Madcow,+1,21,2014-10-08,CLUB_MEN
20,21,Florida United,-8,13,2014-10-08,CLUB_MEN
21,22,Pittsburgh Temper,-,22,2014-10-08,CLUB_MEN
22,23,Michigan High Five,-5,18,2014-10-08,CLUB_MEN
23,24,Tuscaloosa Southern Hospitality,,-,2014-10-08,CLUB_MEN
24,25,Houston H.I.P.,,-,2014-10-08,CLUB_MEN
0,1,San Francisco Revolver,,,2014-10-08,CLUB_MEN
1,2,Denver Johnny Bravo,,,2014-10-08,CLUB_MEN
2,3,Boston Ironside,,,2014-10-08,CLUB_MEN
3,4,Chicago Machine,,,2014-10-08,CLUB_MEN
4,5,Seattle Sockeye,,,2014-10-08,CLUB_MEN
5,6,Minneapolis Sub Zero,,,2014-10-08,CLUB_MEN
6,7,Atlanta Chain Lightning,,,2014-10-08,CLUB_MEN
7,8,Raleigh Ring Of Fire,,,2014-10-08,CLUB_MEN
8,9,New York PoNY,,,2014-10-08,CLUB_MEN
9,10,Austin Doublewide,,,2014-10-08,CLUB_MEN
10,11,Toronto GOAT,,,2014-10-08,CLUB_MEN
11,12,Washington DC Truck Stop,,,2014-10-08,CLUB_MEN
12,13,Florida United,,,2014-10-08,CLUB_MEN
13,14,Vancouver Furious George,,,2014-10-08,CLUB_MEN
14,15,Portland Rhino Slam!,,,2014-10-08,CLUB_MEN
15,16,SoCal Condors,,,2014-10-08,CLUB_MEN
16,17,Kansas City Prairie Fire,,,2014-10-08,CLUB_MEN
17,18,Michigan High Five,,,2014-10-08,CLUB_MEN
18,19,Palo Alto Boost FC,,,2014-10-08,CLUB_MEN
19,20,Madison Club,,,2014-10-08,CLUB_MEN
20,21,Columbus Madcow,,,2014-10-08,CLUB_MEN
21,22,Pittsburgh Temper,,,2014-10-08,CLUB_MEN
22,23,Phoenix Sprawl,,,2014-10-08,CLUB_MEN
23,24,Philadelphia Patrol,,,2014-10-08,CLUB_MEN
24,25,Boston Garuda,,,2014-10-08,CLUB_MEN
